kind,method,local,local_label,target,target_label,verdict
book,title+author,https://shao2011.github.io/Proj-SemWeb/resource/book/the-invisible-life-of-addie-larue--cf33679a8a2bc953,The Invisible Life of Addie LaRue / V.E. Schwab,http://www.wikidata.org/entity/Q107404757,The Invisible Life of Addie LaRue — 2020 novel by V.E. Schwab,
book,title+author,https://shao2011.github.io/Proj-SemWeb/resource/book/caps-for-sale-a-tale-of-a-peddler-some-monkeys-and-their-monkey-b--3664a159c582a3f3,"Caps for Sale: A Tale of a Peddler, Some Monkeys and Their Monkey Business / Esphyr Slobodkina",http://www.wikidata.org/entity/Q5036333,"Caps for sale : a tale of a peddler, some monkeys, and their monkey business — American children's picture book, 1940, New Yorkː W. R. Scott, Inc.",
book,goodreads-id,https://shao2011.github.io/Proj-SemWeb/resource/book/a-separate-reality--94cfcde82cba7432,A Separate Reality / Carlos Castañeda,http://www.wikidata.org/entity/Q4339472,A Separate Reality — 1971 memoir by Carlos Castaneda,
book,title+author,https://shao2011.github.io/Proj-SemWeb/resource/book/the-stepford-wives--3ad92ef0803046ab,The Stepford Wives / Ira Levin,http://www.wikidata.org/entity/Q1212739,The Stepford Wives — 1972 novel by Ira Levin,
book,goodreads-id,https://shao2011.github.io/Proj-SemWeb/resource/book/hunted--54644ac9ef9b07f2,"Hunted / Kristin Cast, P.C. Cast",http://www.wikidata.org/entity/Q3284500,Hunted — 2009 novel by P. C. Cast and Kristin Cast,
book,title+author,https://shao2011.github.io/Proj-SemWeb/resource/book/grim-tuesday--4b941a595dfbd7fa,Grim Tuesday / Garth Nix,http://www.wikidata.org/entity/Q3489766,Grim Tuesday — novel by Garth Nix,
book,title+author,https://shao2011.github.io/Proj-SemWeb/resource/book/freedomtm--f31c143894a18a4a,Freedom™ / Daniel Suarez,http://www.wikidata.org/entity/Q16834408,Freedom™ — 2010 detective fiction novel by Daniel Suarez,
book,title+author,https://shao2011.github.io/Proj-SemWeb/resource/book/crossroads-of-twilight--258fc821869fa395,Crossroads of Twilight / Robert Jordan,http://www.wikidata.org/entity/Q2235177,Crossroads of Twilight — 2003 novel by Robert Jordan,
book,title+author,https://shao2011.github.io/Proj-SemWeb/resource/book/the-snowman--a23fe3d84b1e43ea,The Snowman / Jo Nesbø,http://www.wikidata.org/entity/Q2247404,The Snowman — 2007 novel by Jo Nesbø,
book,title+author,https://shao2011.github.io/Proj-SemWeb/resource/book/brian-s-winter--9427503c40e1ace8,Brian's Winter / Gary Paulsen,http://www.wikidata.org/entity/Q4962907,Brian's Winter — 1996 novel by Gary Paulsen,
book,title+author,https://shao2011.github.io/Proj-SemWeb/resource/book/the-moon-and-more--fd4327d960f42697,The Moon and More / Sarah Dessen,http://www.wikidata.org/entity/Q25312876,The Moon and More — 2013 novel written by Sarah Dessen,
book,goodreads-id,https://shao2011.github.io/Proj-SemWeb/resource/book/the-starless-sea--8d59924a35bdc392,The Starless Sea / Erin Morgenstern,http://www.wikidata.org/entity/Q106581269,The Starless Sea — 2019 novel by Erin Morgenstern,
book,title+author,https://shao2011.github.io/Proj-SemWeb/resource/book/the-blade-itself--c479eb4245e0cbe5,The Blade Itself / Joe Abercrombie,http://www.wikidata.org/entity/Q3986014,The Blade Itself — 2006 novel by Joe Abercrombie,
book,title+author,https://shao2011.github.io/Proj-SemWeb/resource/book/black-boy--961de17301148752,Black Boy / Richard Wright,http://www.wikidata.org/entity/Q880125,Black Boy — novel by Richard Wright,
book,goodreads-id,https://shao2011.github.io/Proj-SemWeb/resource/book/the-effective-executive-the-definitive-guide-to-getting-the-right--94538678682543ae,The Effective Executive: The Definitive Guide to Getting the Right Things Done / Peter F. Drucker,http://www.wikidata.org/entity/Q61996565,The Effective Executive — book by Peter Drucker,
book,title+author,https://shao2011.github.io/Proj-SemWeb/resource/book/physik--832f8f5c238cbda8,Physik / Angie Sage,http://www.wikidata.org/entity/Q2133248,Physik — 2007 Book by Angie Sage,
book,goodreads-id,https://shao2011.github.io/Proj-SemWeb/resource/book/a-year-down-yonder--be0d08bd70465c37,A Year Down Yonder / Richard Peck,http://www.wikidata.org/entity/Q4660851,A Year Down Yonder — book by Richard Peck,
book,title+author,https://shao2011.github.io/Proj-SemWeb/resource/book/a-voice-in-the-wind--d2dc8c3d6917f36b,A Voice in the Wind / Francine Rivers,http://www.wikidata.org/entity/Q4660505,A Voice in the Wind — 1993 novel by Francine Rivers,
book,title+author,https://shao2011.github.io/Proj-SemWeb/resource/book/bloodline--3eae2de01a53647f,Bloodline / James Rollins,http://www.wikidata.org/entity/Q23727981,Bloodline — 2012 novel by James Rollins,
book,title+author,https://shao2011.github.io/Proj-SemWeb/resource/book/forever-odd--00939992ff124245,Forever Odd / Dean Koontz,http://www.wikidata.org/entity/Q3874366,Forever Odd — 2005 novel by Dean Koontz,
book,title+author,https://shao2011.github.io/Proj-SemWeb/resource/book/ghost-story--9eb55bd790cda06c,Ghost Story / Peter Straub,http://www.wikidata.org/entity/Q5557174,Ghost Story — 1979 novel by Peter Straub,
book,title+author,https://shao2011.github.io/Proj-SemWeb/resource/book/still-life-with-bread-crumbs--a621e266dc20a9fc,Still Life with Bread Crumbs / Anna Quindlen,http://www.wikidata.org/entity/Q141621175,Still Life with Bread Crumbs — novel by Anna Quindlen,
book,title+author,https://shao2011.github.io/Proj-SemWeb/resource/book/the-fifth-mountain--e8f69a7b6ca83df7,"The Fifth Mountain / Clifford E. Landers, Paulo Coelho",http://www.wikidata.org/entity/Q1198638,The Fifth Mountain — novel by Paulo Coelho,
book,goodreads-id,https://shao2011.github.io/Proj-SemWeb/resource/book/a-spy-in-the-house--fe0befcedd4c7dbb,A Spy in the House / Y.S. Lee,http://www.wikidata.org/entity/Q108917376,A Spy In The House — 2010 novel by Y. S. Lee,
book,title+author,https://shao2011.github.io/Proj-SemWeb/resource/book/the-chamber--42906125c7ec921d,The Chamber / John Grisham,http://www.wikidata.org/entity/Q357606,The Chamber — novel by John Grisham,
book,title+author,https://shao2011.github.io/Proj-SemWeb/resource/book/faefever--88c14220c45c8278,Faefever / Karen Marie Moning,http://www.wikidata.org/entity/Q135187973,Faefever — novel by Karen Marie Moning,
book,title+author,https://shao2011.github.io/Proj-SemWeb/resource/book/the-ritual-bath--1c75190f3b6cbcbc,The Ritual Bath / Faye Kellerman,http://www.wikidata.org/entity/Q21189967,The Ritual Bath — novel by Faye Kellerman,
book,title+author,https://shao2011.github.io/Proj-SemWeb/resource/book/the-last-days-of-night--db83cac3c332b4c4,The Last Days of Night / Graham Moore,http://www.wikidata.org/entity/Q135725707,The Last Days of Night — novel by Graham Moore,
book,goodreads-id,https://shao2011.github.io/Proj-SemWeb/resource/book/the-prefect--f6059dd4fda8096f,The Prefect / Alastair Reynolds,http://www.wikidata.org/entity/Q3522305,The Prefect — 2007 novel by Alastair Reynolds,
book,title+author,https://shao2011.github.io/Proj-SemWeb/resource/book/the-black-widow--d4e9ee247c765705,The Black Widow / Daniel Silva,http://www.wikidata.org/entity/Q25205968,The Black Widow — 2016 novel by Daniel Silva,
book,title+author,https://shao2011.github.io/Proj-SemWeb/resource/book/peril-at-end-house--0ac4e6944191df4b,Peril at End House / Agatha Christie,http://www.wikidata.org/entity/Q957248,Peril at End House — 1932 novel by Agatha Christie,
book,goodreads-id,https://shao2011.github.io/Proj-SemWeb/resource/book/foundation-s-edge--29a55e6d24ba6fb8,Foundation's Edge / Isaac Asimov,http://www.wikidata.org/entity/Q932592,Foundation's Edge — 1982 novel by Isaac Asimov,
book,title+author,https://shao2011.github.io/Proj-SemWeb/resource/book/reunion-in-death--67ee2ff610388165,Reunion in Death / J.D. Robb,http://www.wikidata.org/entity/Q133158946,Reunion in Death — 2002 novel by Nora Roberts,
book,title+author,https://shao2011.github.io/Proj-SemWeb/resource/book/the-drop--06caeb487eed0f1a,The Drop / Michael Connelly,http://www.wikidata.org/entity/Q7731048,The Drop — 2011 novel by Michael Connelly,
book,title+author,https://shao2011.github.io/Proj-SemWeb/resource/book/i-have-no-mouth-and-i-must-scream--8543d1c5c146f90d,I Have No Mouth and I Must Scream / Harlan Ellison,http://www.wikidata.org/entity/Q16069786,I Have No Mouth and I Must Scream — short story collection,
book,title+author,https://shao2011.github.io/Proj-SemWeb/resource/book/undead-and-unreturnable--3c4dcf5cd812d914,Undead and Unreturnable / MaryJanice Davidson,http://www.wikidata.org/entity/Q16958928,Undead and Unreturnable — 2005 novel by MaryJanice Davidson,
book,title+author,https://shao2011.github.io/Proj-SemWeb/resource/book/a-civil-action--696c39b3ccc786f0,A Civil Action / Jonathan Harr,http://www.wikidata.org/entity/Q2293888,A Civil Action — book by Jonathan Harr,
book,title+author,https://shao2011.github.io/Proj-SemWeb/resource/book/the-twelve-chairs--7263ea37cd35d7f1,"The Twelve Chairs / Ilya Ilf, Yevgeny Petrov",http://www.wikidata.org/entity/Q245194,The Twelve Chairs — 1928 novel by Ilya Ilf and Yevgeny Petrov,
book,goodreads-id,https://shao2011.github.io/Proj-SemWeb/resource/book/twilight--d7eec4f4c852a624,Twilight / Erin Hunter,http://www.wikidata.org/entity/Q7857973,Twilight — 2006 novel by Erin Hunter,
book,goodreads-id,https://shao2011.github.io/Proj-SemWeb/resource/book/decision-points--3681a551eb3a7b0e,Decision Points / George W. Bush,http://www.wikidata.org/entity/Q942966,Decision Points — 2010 memoir by George W. Bush,
book,title+author,https://shao2011.github.io/Proj-SemWeb/resource/book/the-poisonwood-bible--a801c463a296242c,The Poisonwood Bible / Barbara Kingsolver,http://www.wikidata.org/entity/Q7757621,The Poisonwood Bible — novel by Barbara Kingsolver,
book,title+author,https://shao2011.github.io/Proj-SemWeb/resource/book/pigs-in-heaven--1155301d7d99bbc7,Pigs in Heaven / Barbara Kingsolver,http://www.wikidata.org/entity/Q7193455,Pigs in Heaven — 1993 novel by Barbara Kingsolver,
book,title+author,https://shao2011.github.io/Proj-SemWeb/resource/book/love-stargirl--d52c3c5f5703dd84,"Love, Stargirl / Jerry Spinelli",http://www.wikidata.org/entity/Q3899583,"Love, Stargirl — novel by Jerry Spinelli",
book,goodreads-id,https://shao2011.github.io/Proj-SemWeb/resource/book/i-d-tell-you-i-love-you-but-then-i-d-have-to-kill-you--34cd20c1248256db,"I'd Tell You I Love You, But Then I'd Have to Kill You / Ally Carter",http://www.wikidata.org/entity/Q5965579,"I'd Tell You I Love You, But Then I'd Have to Kill You — novel by Ally Carter",
book,title+author,https://shao2011.github.io/Proj-SemWeb/resource/book/deadhouse-gates--1adbc7669af26232,Deadhouse Gates / Steven Erikson,http://www.wikidata.org/entity/Q1323801,Deadhouse Gates — 2000 novel by Steven Erikson,
book,title+author,https://shao2011.github.io/Proj-SemWeb/resource/book/flow-my-tears-the-policeman-said--d59c958d400a9be5,"Flow My Tears, the Policeman Said / Philip K. Dick",http://www.wikidata.org/entity/Q874492,"Flow My Tears, the Policeman Said — 1974 novel by Philip K. Dick",
book,title+author,https://shao2011.github.io/Proj-SemWeb/resource/book/the-vanishing-stair--fbb16de28d51ff08,The Vanishing Stair / Maureen Johnson,http://www.wikidata.org/entity/Q134582062,The Vanishing Stair — 2019 novel by Maureen Johnson,
book,title+author,https://shao2011.github.io/Proj-SemWeb/resource/book/lord-of-the-fading-lands--2791cbd498459913,Lord of the Fading Lands / C.L. Wilson,http://www.wikidata.org/entity/Q134457945,Lord of the Fading Lands — 2007 novel by C. L. Wilson,
book,title+author,https://shao2011.github.io/Proj-SemWeb/resource/book/breathing-lessons--1e45a3b660e3a47f,Breathing Lessons / Anne Tyler,http://www.wikidata.org/entity/Q754464,Breathing Lessons — novel by Anne Tyler,
book,title+author,https://shao2011.github.io/Proj-SemWeb/resource/book/blood-red-road--7bd094629d773783,Blood Red Road / Moira Young,http://www.wikidata.org/entity/Q4927681,Blood Red Road — dystopian novel by Moira Young,
book,title+author,https://shao2011.github.io/Proj-SemWeb/resource/book/nemesis--435776bd7edaa850,Nemesis / Agatha Christie,http://www.wikidata.org/entity/Q1170245,Nemesis — 1971 novel by Agatha Christie,
book,goodreads-id,https://shao2011.github.io/Proj-SemWeb/resource/book/body-of-evidence--b9f33d6f6faaf310,Body of Evidence / Patricia Cornwell,http://www.wikidata.org/entity/Q2266006,Body of Evidence — 1991 novel by Patricia Cornwell,
book,goodreads-id,https://shao2011.github.io/Proj-SemWeb/resource/book/midnight--5b41d7335d70b21b,Midnight / Erin Hunter,http://www.wikidata.org/entity/Q3290838,Midnight — 2005 novel by Erin Hunter,
book,title+author,https://shao2011.github.io/Proj-SemWeb/resource/book/wolf-by-wolf--265e4564a358717c,Wolf by Wolf / Ryan Graudin,http://www.wikidata.org/entity/Q134618300,Wolf by Wolf — 2015 novel by Ryan Graudin,
book,title+author,https://shao2011.github.io/Proj-SemWeb/resource/book/lysistrata--3ff3ec5bc31dda7e,Lysistrata / Aristophanes,http://www.wikidata.org/entity/Q753907,Lysistrata — comedy by Aristophanes,
book,title+author,https://shao2011.github.io/Proj-SemWeb/resource/book/the-first-man-in-rome--0cf91b58104fd3e6,The First Man in Rome / Colleen McCullough,http://www.wikidata.org/entity/Q7734156,The First Man in Rome — novel by Colleen McCullough,
book,title+author,https://shao2011.github.io/Proj-SemWeb/resource/book/hollow-city--bc291aa9bf73f5ef,Hollow City / Ransom Riggs,http://www.wikidata.org/entity/Q18160256,Hollow City — novel by Ransom Riggs,
book,title+author,https://shao2011.github.io/Proj-SemWeb/resource/book/two-little-girls-in-blue--a69c20c1dc2f379d,Two Little Girls in Blue / Mary Higgins Clark,http://www.wikidata.org/entity/Q3024993,Two Little Girls in Blue — novel by Mary Higgins Clark,
book,title+author,https://shao2011.github.io/Proj-SemWeb/resource/book/all-together-dead--c06639ce851c5637,All Together Dead / Charlaine Harris,http://www.wikidata.org/entity/Q3865957,All Together Dead — novel by Charlaine Harris,
book,title+author,https://shao2011.github.io/Proj-SemWeb/resource/book/the-shadow-throne--f3973ab73edf781b,The Shadow Throne / Jennifer A. Nielsen,http://www.wikidata.org/entity/Q134518603,The Shadow Throne — 2014 novel by Jennifer A. Nielsen,
book,title+author,https://shao2011.github.io/Proj-SemWeb/resource/book/running-out-of-time--7f4ff72e41b5b8ba,Running Out of Time / Margaret Peterson Haddix,http://www.wikidata.org/entity/Q7379978,Running Out of Time — novel by Margaret Peterson Haddix,
book,title+author,https://shao2011.github.io/Proj-SemWeb/resource/book/the-atonement-child--f954306e6be34912,The Atonement Child / Francine Rivers,http://www.wikidata.org/entity/Q7714839,The Atonement Child — novel by Francine Rivers,
book,goodreads-id,https://shao2011.github.io/Proj-SemWeb/resource/book/chronicle-of-a-death-foretold--31fc78db5117708d,Chronicle of a Death Foretold / Gabriel García Márquez,http://www.wikidata.org/entity/Q935935,Chronicle of a Death Foretold — novella by Gabriel García Márquez,
book,title+author,https://shao2011.github.io/Proj-SemWeb/resource/book/naomi-and-ely-s-no-kiss-list--bfea71bf2f614328,"Naomi and Ely's No Kiss List / David Levithan, Rachel Cohn",http://www.wikidata.org/entity/Q114872191,Naomi and Ely's No Kiss List — 2007 book,
book,title+author,https://shao2011.github.io/Proj-SemWeb/resource/book/before-they-are-hanged--2db74c6347131ff4,Before They Are Hanged / Joe Abercrombie,http://www.wikidata.org/entity/Q16582849,Before They Are Hanged — 2007 novel by Joe Abercrombie,
book,title+author,https://shao2011.github.io/Proj-SemWeb/resource/book/the-boy-the-mole-the-fox-and-the-horse--cab03ce5e203a3d4,"The Boy, the Mole, the Fox and the Horse / Charlie Mackesy",http://www.wikidata.org/entity/Q104872109,"The Boy, The Mole, The Fox and the Horse — illustrated philosophy book by Charlie Mackesy",
book,title+author,https://shao2011.github.io/Proj-SemWeb/resource/book/ink-exchange--bfccdfa1b4b56db6,Ink Exchange / Melissa Marr,http://www.wikidata.org/entity/Q3798803,Ink Exchange — 2008 novel by Melissa Marr,
book,goodreads-id,https://shao2011.github.io/Proj-SemWeb/resource/book/what-is-the-what--e0541604f9b9a065,What Is the What / Dave Eggers,http://www.wikidata.org/entity/Q3223302,What Is the What — 2006 novel by Dave Eggers,
book,title+author,https://shao2011.github.io/Proj-SemWeb/resource/book/the-histories--21ffafcf71c90c78,The Histories / Herodotus,http://www.wikidata.org/entity/Q746583,"The Histories — work by Herodotus, c. 440 BC",
book,title+author,https://shao2011.github.io/Proj-SemWeb/resource/book/the-grace-year--15e92158b00011b2,The Grace Year / Kim Liggett,http://www.wikidata.org/entity/Q134279817,The Grace Year — 2019 novel by Kim Liggett,
book,title+author,https://shao2011.github.io/Proj-SemWeb/resource/book/mini-shopaholic--acacc316bd9023eb,Mini Shopaholic / Sophie Kinsella,http://www.wikidata.org/entity/Q3790947,Mini Shopaholic — 2010 novel by Sophie Kinsella,
book,title+author,https://shao2011.github.io/Proj-SemWeb/resource/book/the-darkest-passion--23ddb95c0518e675,The Darkest Passion / Gena Showalter,http://www.wikidata.org/entity/Q134466817,The Darkest Passion — 2010 novel by Gena Showalter,
book,title+author,https://shao2011.github.io/Proj-SemWeb/resource/book/eventide--7c137ab2593892a7,Eventide / Kent Haruf,http://www.wikidata.org/entity/Q54870995,Eventide — 2004 novel by Kent Haruf,
book,title+author,https://shao2011.github.io/Proj-SemWeb/resource/book/the-prophet--7acd2457da2c24c2,The Prophet / Kahlil Gibran,http://www.wikidata.org/entity/Q1196302,The Prophet — 1923 book with 26 prose poetry fables by Kahlil Gibran,
book,title+author,https://shao2011.github.io/Proj-SemWeb/resource/book/awkward--c3a6f53dff955d8c,Awkward / Svetlana Chmakova,http://www.wikidata.org/entity/Q30602881,Awkward — 2015 graphic novel written by Svetlana Chmakova,
book,goodreads-id,https://shao2011.github.io/Proj-SemWeb/resource/book/american-on-purpose-the-improbable-adventures-of-an-unlikely-patr--75c670533c9cd8a0,American on Purpose: The Improbable Adventures of an Unlikely Patriot / Craig Ferguson,http://www.wikidata.org/entity/Q4745507,American on Purpose — book by Craig Ferguson,
book,goodreads-id,https://shao2011.github.io/Proj-SemWeb/resource/book/the-lost-gate--e85699cf456a9b0a,The Lost Gate / Orson Scott Card,http://www.wikidata.org/entity/Q7748626,The Lost Gate — 2011 novel by Orson Scott Card,
book,title+author,https://shao2011.github.io/Proj-SemWeb/resource/book/furyborn--5b4ebfd004e772e0,Furyborn / Claire Legrand,http://www.wikidata.org/entity/Q134457903,Furyborn — 2018 novel by Claire Legrand,
book,title+author,https://shao2011.github.io/Proj-SemWeb/resource/book/the-wings-of-the-dove--31278543147d9f67,The Wings of the Dove / Henry James,http://www.wikidata.org/entity/Q1557588,The Wings of the Dove — 1902 novel by Henry James,
book,title+author,https://shao2011.github.io/Proj-SemWeb/resource/book/in-the-night-kitchen--2946baa5fe9a4186,In the Night Kitchen / Maurice Sendak,http://www.wikidata.org/entity/Q1308387,In the Night Kitchen — book by Maurice Sendak,
book,title+author,https://shao2011.github.io/Proj-SemWeb/resource/book/behold-the-dreamers--df4dea869559cebd,Behold the Dreamers / Imbolo Mbue,http://www.wikidata.org/entity/Q26963107,Behold the Dreamers — book by Imbolo Mbue,
book,title+author,https://shao2011.github.io/Proj-SemWeb/resource/book/ghost-world--d80eb612ddb00a29,Ghost World / Daniel Clowes,http://www.wikidata.org/entity/Q3104961,Ghost World — graphic novel by Daniel Clowes,
book,title+author,https://shao2011.github.io/Proj-SemWeb/resource/book/braiding-sweetgrass-indigenous-wisdom-scientific-knowledge-and-th--da81d8eaf62d996b,"Braiding Sweetgrass: Indigenous Wisdom, Scientific Knowledge, and the Teachings of Plants / Robin Wall Kimmerer",http://www.wikidata.org/entity/Q85748689,"Braiding Sweetgrass: Indigenous Wisdom, Scientific Knowledge, and the Teachings of Plants — 2013 non-fiction work by Robin Wall Kimmerer",
book,title+author,https://shao2011.github.io/Proj-SemWeb/resource/book/nemesis--62ccbcad31c032c8,Nemesis / Jo Nesbø,http://www.wikidata.org/entity/Q4587290,Nemesis — 2002 novel by Jo Nesbø,
book,title+author,https://shao2011.github.io/Proj-SemWeb/resource/book/i-feel-bad-about-my-neck-and-other-thoughts-on-being-a-woman--d0cd43f9c2881b73,I Feel Bad About My Neck: And Other Thoughts on Being a Woman / Nora Ephron,http://www.wikidata.org/entity/Q5977102,I Feel Bad About My Neck: And Other Thoughts on Being a Woman — essay collection by Nora Ephron,
book,title+author,https://shao2011.github.io/Proj-SemWeb/resource/book/river-marked--ff6e8e7c19329c01,River Marked / Patricia Briggs,http://www.wikidata.org/entity/Q27460641,River Marked — fantasy novel by Patricia Briggs,
book,goodreads-id,https://shao2011.github.io/Proj-SemWeb/resource/book/the-immortal-life-of-henrietta-lacks--62147d849edbe1f0,The Immortal Life of Henrietta Lacks / Rebecca Skloot,http://www.wikidata.org/entity/Q7741489,The Immortal Life of Henrietta Lacks — non-fiction work by Rebecca Skloot,
book,title+author+sitelinks,https://shao2011.github.io/Proj-SemWeb/resource/book/where-the-sidewalk-ends--052d8e2a2f3672cb,Where the Sidewalk Ends / Shel Silverstein,http://www.wikidata.org/entity/Q7993468,Where the Sidewalk Ends — book of poems and drawings by Shel Silverstein,
book,goodreads-id,https://shao2011.github.io/Proj-SemWeb/resource/book/money--6fd78868c6141f0e,Money / Martin Amis,http://www.wikidata.org/entity/Q3860773,Money — 1984 novel by Martin Amis,
book,title+author,https://shao2011.github.io/Proj-SemWeb/resource/book/demonglass--0c7bc4d02dc24ff8,"Demonglass / R. Khokins, Rachel Hawkins",http://www.wikidata.org/entity/Q134601578,Demonglass — 2011 novel by Rachel Hawkins,
book,goodreads-id,https://shao2011.github.io/Proj-SemWeb/resource/book/mr-mercedes--6c717750f6ca8b05,Mr. Mercedes / Stephen King,http://www.wikidata.org/entity/Q15222347,Mr. Mercedes — novel by Stephen King,
book,title+author,https://shao2011.github.io/Proj-SemWeb/resource/book/memorial-day--ed6c728d011ea1da,Memorial Day / Vince Flynn,http://www.wikidata.org/entity/Q6815386,Memorial Day — novel by Vince Flynn,
book,goodreads-id,https://shao2011.github.io/Proj-SemWeb/resource/book/fire-study--517624768384d7d2,Fire Study / Maria V. Snyder,http://www.wikidata.org/entity/Q5451484,Fire Study — 2008 novel by Maria V. Snyder,
book,title+author+short-title,https://shao2011.github.io/Proj-SemWeb/resource/book/the-medium-is-the-massage-an-inventory-of-effects--b9d569a783b22e72,"The Medium is the Massage: An Inventory of Effects / Jerome Agel, Marshall McLuhan, Quentin Fiore",http://www.wikidata.org/entity/Q3306958,The Medium Is the Massage — essay by Marshall McLuhan,
book,goodreads-id,https://shao2011.github.io/Proj-SemWeb/resource/book/hope-was-here--a762d1d2bf4400e1,Hope Was Here / Joan Bauer,http://www.wikidata.org/entity/Q5899589,Hope Was Here — 2000 novel by Joan Bauer,
book,title+author,https://shao2011.github.io/Proj-SemWeb/resource/book/the-prince--58ac71ea4d11cd4a,The Prince / Kiera Cass,http://www.wikidata.org/entity/Q140286851,The Prince — novella by Kiera Cass,
book,title+author,https://shao2011.github.io/Proj-SemWeb/resource/book/the-night-is-for-hunting--7abbf6ee9f415fc3,The Night Is for Hunting / John Marsden,http://www.wikidata.org/entity/Q134702302,The Night Is for Hunting — novel by John Marsden,
book,title+author,https://shao2011.github.io/Proj-SemWeb/resource/book/the-lake-house--3d3cc3aecc240d02,The Lake House / Kate Morton,http://www.wikidata.org/entity/Q111079755,The Lake House — 2015 novel by Kate Morton,
book,title+author,https://shao2011.github.io/Proj-SemWeb/resource/book/ballet-shoes--92888b68bbae2e56,Ballet Shoes / Noel Streatfeild,http://www.wikidata.org/entity/Q638201,Ballet Shoes — novel,
book,goodreads-id,https://shao2011.github.io/Proj-SemWeb/resource/book/the-gate-thief--a70cb64968c4fc78,The Gate Thief / Orson Scott Card,http://www.wikidata.org/entity/Q7735909,The Gate Thief — 2013 novel by Orson Scott Card,
book,title+author+short-title,https://shao2011.github.io/Proj-SemWeb/resource/book/the-5-love-languages-the-secret-to-love-that-lasts--a69e5dc854ca6a5a,The 5 Love Languages: The Secret to Love that Lasts / Gary Chapman,http://www.wikidata.org/entity/Q786405,The Five Love Languages: How to Express Heartfelt Commitment to Your Mate — written work by Gary Chapman,
book,title+author+short-title,https://shao2011.github.io/Proj-SemWeb/resource/book/darkness-visible-a-memoir-of-madness--c4d40510abf4613d,Darkness Visible: A Memoir of Madness / William Styron,http://www.wikidata.org/entity/Q3064079,Darkness Visible — 1990 memoir by William Styron,
book,title+author+short-title,https://shao2011.github.io/Proj-SemWeb/resource/book/practicing-the-power-of-now-essential-teachings-meditations-and-e--5e4924cd9a7ff5c7,"Practicing the Power of Now: Essential Teachings, Meditations, and Exercises from the Power of Now / Eckhart Tolle",http://www.wikidata.org/entity/Q125781465,Practicing the Power of Now — book by Eckhart Tolle,
book,title+author+short-title,https://shao2011.github.io/Proj-SemWeb/resource/book/the-ghost-map-the-story-of-london-s-most-terrifying-epidemic-and--cce757ef223ed5f3,"The Ghost Map: The Story of London's Most Terrifying Epidemic—and How It Changed Science, Cities, and the Modern World / Steven Johnson",http://www.wikidata.org/entity/Q7736276,The Ghost Map — book by Steven Johnson,
book,title+author+short-title,https://shao2011.github.io/Proj-SemWeb/resource/book/fun-home-a-family-tragicomic--8703f820ba8ef2e1,Fun Home: A Family Tragicomic / Alison Bechdel,http://www.wikidata.org/entity/Q428680,Fun Home: A Famiy Tragicomic — graphic memoir by Alison Bechdel,
book,title+author+short-title,https://shao2011.github.io/Proj-SemWeb/resource/book/committed-a-skeptic-makes-peace-with-marriage--39e2b471c6dc12eb,Committed: A Skeptic Makes Peace with Marriage / Elizabeth Gilbert,http://www.wikidata.org/entity/Q16385325,Committed: A Skeptic Makes Peace with Marriage — 2010 memoir by Elizabeth Gilbert,
book,title+author+short-title,https://shao2011.github.io/Proj-SemWeb/resource/book/my-stroke-of-insight-a-brain-scientist-s-personal-journey--39c95f3fc47dbebf,My Stroke of Insight: A Brain Scientist's Personal Journey / Jill Bolte Taylor,http://www.wikidata.org/entity/Q6946462,My Stroke of Insight: A Brain Scientist's Personal Journey — 2008 autobiography by Jill Bolte Taylor,
book,title+author+short-title,https://shao2011.github.io/Proj-SemWeb/resource/book/it-s-not-about-the-bike-my-journey-back-to-life--b4b3a26a3a2cb416,"It's Not about the Bike: My Journey Back to Life / Lance Armstrong, Sally Jenkins",http://www.wikidata.org/entity/Q794623,It's Not About the Bike — book,
book,title+author+short-title,https://shao2011.github.io/Proj-SemWeb/resource/book/genome-the-autobiography-of-a-species-in-23-chapters--3b8a5f68afda441b,Genome: the Autobiography of a Species in 23 Chapters / Matt Ridley,http://www.wikidata.org/entity/Q5533479,Genome — 1999 book by Matt Ridley,
book,title+author+short-title,https://shao2011.github.io/Proj-SemWeb/resource/book/underground-the-tokyo-gas-attack-and-the-japanese-psyche--440909701e2f0b57,Underground: The Tokyo Gas Attack and the Japanese Psyche / Haruki Murakami,http://www.wikidata.org/entity/Q27451,The Tokyo Gas Attack and the Japanese Psyche — 2000 non-fiction work by Haruki Murakami,
book,title+author+short-title,https://shao2011.github.io/Proj-SemWeb/resource/book/the-7-habits-of-highly-effective-people-powerful-lessons-in-perso--ccae4df0089de1da,The 7 Habits of Highly Effective People: Powerful Lessons in Personal Change / Stephen R. Covey,http://www.wikidata.org/entity/Q1053942,The 7 Habits of Highly Effective People — business and self-help book written by Stephen R. Covey,
book,title+description+short-title,https://shao2011.github.io/Proj-SemWeb/resource/book/the-bully-pulpit-theodore-roosevelt-william-howard-taft-and-the-g--b735a0f6c4d1e17e,"The Bully Pulpit: Theodore Roosevelt, William Howard Taft, and the Golden Age of Journalism / Doris Kearns Goodwin",http://www.wikidata.org/entity/Q97166740,The Bully Pulpit — 2013 historical book by Doris Kearns Goodwin,
book,title+author+short-title,https://shao2011.github.io/Proj-SemWeb/resource/book/sacré-bleu-a-comedy-d-art--b69126f7edd6d479,Sacré Bleu: A Comedy d'Art / Christopher Moore,http://www.wikidata.org/entity/Q102405749,Sacré Bleu — novel by Christopher Moore,
book,title+description+short-title,https://shao2011.github.io/Proj-SemWeb/resource/book/escape-from-camp-14-one-man-s-remarkable-odyssey-from-north-korea--c517a9bb11a5bd67,Escape from Camp 14: One Man's Remarkable Odyssey from North Korea to Freedom in the West / Blaine Harden,http://www.wikidata.org/entity/Q21190016,One Man's Remarkable Odissey from North Korea to Freedom in the West — 2012 novel by Blaine Harden,
book,title+author+short-title,https://shao2011.github.io/Proj-SemWeb/resource/book/the-boys-in-the-boat-nine-americans-and-their-epic-quest-for-gold--41d3f915d277ae86,The Boys in the Boat: Nine Americans and Their Epic Quest for Gold at the 1936 Berlin Olympics / Daniel James Brown,http://www.wikidata.org/entity/Q16845485,The Boys in the Boat — 2013 non-fiction work by Daniel James Brown,
book,title+author+short-title,https://shao2011.github.io/Proj-SemWeb/resource/book/how-to-read-a-book-the-classic-guide-to-intelligent-reading--cc77b4415f6109df,"How to Read a Book: The Classic Guide to Intelligent Reading / Charles Van Doren, Mortimer J. Adler",http://www.wikidata.org/entity/Q1091079,How to Read a Book — 1940 book by Mortimer J. Adler,
book,title+author+short-title,https://shao2011.github.io/Proj-SemWeb/resource/book/the-reason-i-jump-the-inner-voice-of-a-thirteen-year-old-boy-with--92162d7ade1600cc,The Reason I Jump: The Inner Voice of a Thirteen-Year-Old Boy with Autism / Naoki Higashida,http://www.wikidata.org/entity/Q16955459,The Reason I Jump — book by Naoki Higashida,
book,title+author+short-title,https://shao2011.github.io/Proj-SemWeb/resource/book/the-miracle-of-mindfulness-an-introduction-to-the-practice-of-med--5adbeed6999a1334,The Miracle of Mindfulness: An Introduction to the Practice of Meditation / Thich Nhat Hanh,http://www.wikidata.org/entity/Q7751638,The Miracle of Mindfulness — 1975 manual on meditation by Thích Nhất Hạnh,
book,title+author+short-title,https://shao2011.github.io/Proj-SemWeb/resource/book/the-monkey-s-paw-oxford-bookworms--11371b93ae44e604,The Monkey's Paw (Oxford Bookworms) / W.W. Jacobs,http://www.wikidata.org/entity/Q1210939,The Monkey's Paw — short story by W. W. Jacobs,
book,title+author+short-title,https://shao2011.github.io/Proj-SemWeb/resource/book/an-unquiet-mind-a-memoir-of-moods-and-madness--ec2627ef83d9280d,An Unquiet Mind: A Memoir of Moods and Madness / Kay Redfield Jamison,http://www.wikidata.org/entity/Q140796097,An Unquiet Mind — memoir by Kay Redfield Jamison,
book,title+author+short-title,https://shao2011.github.io/Proj-SemWeb/resource/book/five-point-someone-what-not-to-do-at-iit--d0ed1ed5116572d8,Five Point Someone: What Not to Do at IIT / Chetan Bhagat,http://www.wikidata.org/entity/Q5456066,Five Point Someone — novel by Chetan Bhagat,
book,title+author+short-title,https://shao2011.github.io/Proj-SemWeb/resource/book/the-professor-and-the-madman-a-tale-of-murder-insanity-and-the-ma--56dfaac955045f90,"The Professor and the Madman: A Tale of Murder, Insanity and the Making of the Oxford English Dictionary / Simon Winchester",http://www.wikidata.org/entity/Q3818805,The Professor and the Madman — essay by Simon Winchester,
book,title+author+short-title,https://shao2011.github.io/Proj-SemWeb/resource/book/a-scandal-in-bohemia-the-adventures-of-sherlock-holmes-1--11a81a1b8fb53995,"A Scandal in Bohemia (The Adventures of Sherlock Holmes, #1) / Arthur Conan Doyle",http://www.wikidata.org/entity/Q265546,A Scandal in Bohemia — 1891 short story by Sir Arthur Conan Doyle,
book,title+author+short-title,https://shao2011.github.io/Proj-SemWeb/resource/book/the-pianist-the-extraordinary-story-of-one-man-s-survival-in-wars--f9c98b36351b1092,"The Pianist: The Extraordinary Story of One Man's Survival in Warsaw, 1939–45 / Władysław Szpilman",http://www.wikidata.org/entity/Q2641481,The Pianist: The Extraordinary True Story of One Man's Survival in Warsaw — 1946 memoir by Władysław Szpilman,
book,title+author+short-title,https://shao2011.github.io/Proj-SemWeb/resource/book/helter-skelter-the-true-story-of-the-manson-murders--88156b5a69c15cb0,"Helter Skelter: The True Story of the Manson Murders / Curt Gentry, Vincent Bugliosi",http://www.wikidata.org/entity/Q5710627,helter skelter:The True Story of The Manson Murders — book,
book,title+description,https://shao2011.github.io/Proj-SemWeb/resource/book/the-flatshare--2484219d8574ffa7,The Flatshare / Beth O'Leary,http://www.wikidata.org/entity/Q125198727,The Flatshare — Novel by Beth O’Leary,
book,title+description+short-title,https://shao2011.github.io/Proj-SemWeb/resource/book/one-up-on-wall-street-how-to-use-what-you-already-know-to-make-mo--2c71b7f7d58d3abe,"One Up On Wall Street: How to Use What You Already Know to Make Money in the Market / John Rothchild, Peter Lynch",http://www.wikidata.org/entity/Q138756834,One Up on Wall Street — 1989 book by Peter Lynch and John Rothchild,
book,title+description,https://shao2011.github.io/Proj-SemWeb/resource/book/autobiography-of-a-face--4e30abe9799b33f8,Autobiography of a Face / Lucy Grealy,http://www.wikidata.org/entity/Q65084621,Autobiography of a Face — memoir by Lucy Grealy,
book,title+description,https://shao2011.github.io/Proj-SemWeb/resource/book/murder-at-the-vicarage--420b6736c676cf06,Murder at the Vicarage / Agatha Christie,http://www.wikidata.org/entity/Q6937718,Murder at the Vicarage — play written by Agatha Christie,
book,title+description,https://shao2011.github.io/Proj-SemWeb/resource/book/the-whisper-man--19f398ba26bd3dc3,The Whisper Man / Alex North,http://www.wikidata.org/entity/Q136129936,The Whisper Man — novel by Alex North,
book,title+description+sitelinks,https://shao2011.github.io/Proj-SemWeb/resource/book/the-architect-s-apprentice--a433435de406dbdd,The Architect's Apprentice / Elif Shafak,http://www.wikidata.org/entity/Q19612908,The Architect's Apprentice — novel by Elif Safak,
book,title+description,https://shao2011.github.io/Proj-SemWeb/resource/book/thunderstruck--6d34868199e8cb30,Thunderstruck / Erik Larson,http://www.wikidata.org/entity/Q133751661,Thunderstruck — 2006 book by Erik Larson,
book,title+description,https://shao2011.github.io/Proj-SemWeb/resource/book/the-nine-inside-the-secret-world-of-the-supreme-court--46c31578167e0644,The Nine: Inside the Secret World of the Supreme Court / Jeffrey Toobin,http://www.wikidata.org/entity/Q7754199,The Nine: Inside the Secret World of the Supreme Court — book by Jeffrey Toobin,
book,title+description,https://shao2011.github.io/Proj-SemWeb/resource/book/working-stiff-two-years-262-bodies-and-the-making-of-a-medical-ex--63cec17e49840f1e,"Working Stiff: Two Years, 262 Bodies, and the Making of a Medical Examiner / Judy Melinek",http://www.wikidata.org/entity/Q106623603,"Working Stiff: Two Years, 262 Bodies, and the Making of a Medical Examiner — book by Judy Melinek and T. J. Mitchell",
book,title+description+short-title,https://shao2011.github.io/Proj-SemWeb/resource/book/the-monuments-men-allied-heroes-nazi-thieves-and-the-greatest-tre--dc2367c5fdd9c39b,"The Monuments Men: Allied Heroes, Nazi Thieves, and the Greatest Treasure Hunt in History / Robert M. Edsel",http://www.wikidata.org/entity/Q135741015,The Monuments Men — 2009 nonfiction book by Robert Edsel,
book,title+description,https://shao2011.github.io/Proj-SemWeb/resource/book/to-the-bright-edge-of-the-world--45fc43c3bfeb7b7a,To The Bright Edge of the World / Eowyn Ivey,http://www.wikidata.org/entity/Q131278006,To the Bright Edge of the World — 2016 novel by Eowyn Ivey,
book,title+description,https://shao2011.github.io/Proj-SemWeb/resource/book/frida-a-biography-of-frida-kahlo--4f1f92cde5c84814,Frida: A Biography of Frida Kahlo / Hayden Herrera,http://www.wikidata.org/entity/Q5503441,Frida: A Biography of Frida Kahlo — 1983 Book by Hayden Herrera,
book,title+description+short-title,https://shao2011.github.io/Proj-SemWeb/resource/book/the-upside-of-irrationality-the-unexpected-benefits-of-defying-lo--c84362871b16c0b7,The Upside of Irrationality: The Unexpected Benefits of Defying Logic / Dan Ariely,http://www.wikidata.org/entity/Q28135789,The Upside of Irrationality — 2010 book by Dan Ariely,
book,title+description,https://shao2011.github.io/Proj-SemWeb/resource/book/crimson-bound--06fc916af83b54e7,Crimson Bound / Rosamund Hodge,http://www.wikidata.org/entity/Q23763077,Crimson Bound — novel by Rosamund Hodge,
book,title+description,https://shao2011.github.io/Proj-SemWeb/resource/book/two-by-two--82eb0c3488c299e4,Two By Two / Nicholas Sparks,http://www.wikidata.org/entity/Q136477273,Two by Two — novel written by Nicholas Sparks,
book,title+description,https://shao2011.github.io/Proj-SemWeb/resource/book/the-wicked-girls--d2a7834ae02f3e56,The Wicked Girls / Alex Marwood,http://www.wikidata.org/entity/Q29830790,The Wicked Girls — book written by Alex Marwood (pseudonym adopted by Serena Mackesy),
book,title+description,https://shao2011.github.io/Proj-SemWeb/resource/book/the-ice-twins--3729232270a24875,The Ice Twins / S.K. Tremayne,http://www.wikidata.org/entity/Q24806797,The Ice Twins — 2015 psychological thriller by S. K. Tremayne,
book,title+description,https://shao2011.github.io/Proj-SemWeb/resource/book/the-wife-between-us--4eb8c74504011b90,"The Wife Between Us / Greer Hendricks, Sarah Pekkanen",http://www.wikidata.org/entity/Q56364219,The Wife Between Us — 2018 novel by Greer Hendricks and Sarah Pekkanen,
book,title+description,https://shao2011.github.io/Proj-SemWeb/resource/book/she-said-yes-the-unlikely-martyrdom-of-cassie-bernall--5890da0353c72ac8,She Said Yes: The Unlikely Martyrdom of Cassie Bernall / Misty Bernall,http://www.wikidata.org/entity/Q55633034,She Said Yes: The Unlikely Martyrdom of Cassie Bernall — 1999 memoir by Misty Bernall,
book,title+description+short-title,https://shao2011.github.io/Proj-SemWeb/resource/book/the-day-the-world-came-to-town-9-11-in-gander-newfoundland--1f2785582b86b803,"The Day the World Came to Town: 9/11 in Gander, Newfoundland / Jim DeFede",http://www.wikidata.org/entity/Q105424956,The Day the World Came to Town — 2002 book by Jim DeFede,
book,title+description,https://shao2011.github.io/Proj-SemWeb/resource/book/the-spectacular-now--a8491665f7e97573,The Spectacular Now / Tim Tharp,http://www.wikidata.org/entity/Q114868102,The Spectacular Now — 2008 novel by Tim Tharp,
book,title+description,https://shao2011.github.io/Proj-SemWeb/resource/book/akira-vol-1--7c69b900a0de75c5,"Akira, Vol. 1 / Katsuhiro Otomo",http://www.wikidata.org/entity/Q125138759,"Akira, Vol. 1 — graphic novel by Katsuhiro Otomo",
book,title+description,https://shao2011.github.io/Proj-SemWeb/resource/book/adrift-seventy-six-days-lost-at-sea--88d7e948899ef097,Adrift: Seventy-Six Days Lost at Sea / Steven Callahan,http://www.wikidata.org/entity/Q4685729,Adrift: Seventy-six Days Lost at Sea — 1986 memoir by Steven Callahan,
book,title+description,https://shao2011.github.io/Proj-SemWeb/resource/book/hooked-how-to-build-habit-forming-products--6c5363abd0ba26a8,Hooked: How to Build Habit-Forming Products / Nir Eyal,http://www.wikidata.org/entity/Q130385558,Hooked: How to Build Habit-Forming Products — scholarly work by Nir Eyal,
book,title+description,https://shao2011.github.io/Proj-SemWeb/resource/book/on-dublin-street--c691e5d7029677bd,On Dublin Street / Samantha Young,http://www.wikidata.org/entity/Q16969359,On Dublin Street — 2012 novel by Samantha Young,
book,title+author+sitelinks,https://shao2011.github.io/Proj-SemWeb/resource/book/and-then-there-were-none--335e4a512ed023e5,And Then There Were None / Agatha Christie,http://www.wikidata.org/entity/Q214132,And Then There Were None — 1939 novel by Agatha Christie,
book,title+author+sitelinks,https://shao2011.github.io/Proj-SemWeb/resource/book/carrion-comfort--06676caca39ef122,Carrion Comfort / Dan Simmons,http://www.wikidata.org/entity/Q3205133,Carrion Comfort — 1989 novel by Dan Simmons,
book,title+author+sitelinks,https://shao2011.github.io/Proj-SemWeb/resource/book/everything-s-eventual--8913f79546181b7a,Everything's Eventual / Stephen King,http://www.wikidata.org/entity/Q684614,Everything's Eventual — 2002 short story collection by Stephen King,
book,title+author+sitelinks,https://shao2011.github.io/Proj-SemWeb/resource/book/excalibur--7f9130cf07e45cd9,Excalibur / Bernard Cornwell,http://www.wikidata.org/entity/Q3283408,Excalibur — 1997 novel by Bernard Cornwell,
book,title+author+sitelinks,https://shao2011.github.io/Proj-SemWeb/resource/book/the-gunslinger--479d5d0cce18e71e,The Gunslinger / Stephen King,http://www.wikidata.org/entity/Q1422318,The Gunslinger — novel by Stephen King,
book,title+author+sitelinks,https://shao2011.github.io/Proj-SemWeb/resource/book/appointment-with-death--ac96ca0c04e5ff18,Appointment with Death / Agatha Christie,http://www.wikidata.org/entity/Q752439,Appointment with Death — 1938 novel by Agatha Christie,
book,title+author+sitelinks,https://shao2011.github.io/Proj-SemWeb/resource/book/swann-s-way--ea9b135d8f116078,Swann's Way / Marcel Proust,http://www.wikidata.org/entity/Q2700307,Swann's Way — novel by Marcel Proust,
book,title+author+sitelinks,https://shao2011.github.io/Proj-SemWeb/resource/book/spinning-silver--6cbbcd5f9b79fad5,Spinning Silver / Naomi Novik,http://www.wikidata.org/entity/Q56418944,Spinning Silver — 2018 novel by Naomi Novik,
book,title+author+sitelinks,https://shao2011.github.io/Proj-SemWeb/resource/book/the-lorax--7ecfd178cfc02fc6,The Lorax / Dr. Seuss,http://www.wikidata.org/entity/Q772236,The Lorax — 1971 children's book by Dr. Seuss,
book,title+author+sitelinks,https://shao2011.github.io/Proj-SemWeb/resource/book/the-return-of-the-king--0aef79070f6143c3,The Return of the King / J.R.R. Tolkien,http://www.wikidata.org/entity/Q332581,The Return of the King — 1955 novel by J. R. R. Tolkien,
book,title+author+sitelinks,https://shao2011.github.io/Proj-SemWeb/resource/book/macbeth--af08bbc8c6b6ae21,Macbeth / William Shakespeare,http://www.wikidata.org/entity/Q130283,Macbeth — tragic play by William Shakespeare from the early 1600s,
book,title+author+sitelinks,https://shao2011.github.io/Proj-SemWeb/resource/book/a-game-of-thrones--e606acf0a64da914,A Game of Thrones / George R.R. Martin,http://www.wikidata.org/entity/Q1751870,A Game of Thrones — 1996 novel by George R. R. Martin,
book,title+author+sitelinks,https://shao2011.github.io/Proj-SemWeb/resource/book/white-nights--7aefda4834a1f0cd,White Nights / Fyodor Dostoyevsky,http://www.wikidata.org/entity/Q600461,White Nights — 1848 novella by Fyodor Dostoyevsky,
book,title+author+sitelinks,https://shao2011.github.io/Proj-SemWeb/resource/book/mother-courage-and-her-children--68e602c777008244,Mother Courage and Her Children / Bertolt Brecht,http://www.wikidata.org/entity/Q62407,Mother Courage and Her Children — play written by Bertolt Brecht,
book,title+author+sitelinks,https://shao2011.github.io/Proj-SemWeb/resource/book/rebecca-of-sunnybrook-farm--9d9f392d7b9b406c,Rebecca of Sunnybrook Farm / Kate Douglas Wiggin,http://www.wikidata.org/entity/Q7301985,Rebecca of Sunnybrook Farm — novel by Kate Douglas Wiggin,
book,title+author+sitelinks,https://shao2011.github.io/Proj-SemWeb/resource/book/theodore-boone-kid-lawyer--183ad0aadd3b9b9b,Theodore Boone: Kid Lawyer / John Grisham,http://www.wikidata.org/entity/Q2416842,Theodore Boone: Kid Lawyer — novel by John Grisham,
book,title+author+sitelinks,https://shao2011.github.io/Proj-SemWeb/resource/book/oedipus-rex--47dc56bd9b4b7184,Oedipus Rex / Sophocles,http://www.wikidata.org/entity/Q148643,Oedipus Rex — ancient Greek tragedy by Sophocles,
book,title+author+sitelinks,https://shao2011.github.io/Proj-SemWeb/resource/book/hidden-figures--70604d24f0e217f7,Hidden Figures / Margot Lee Shetterly,http://www.wikidata.org/entity/Q28464870,Hidden Figures — 2016 non-fiction work by Margot Lee Shetterly,
book,title+author+sitelinks,https://shao2011.github.io/Proj-SemWeb/resource/book/ben-hur-a-tale-of-the-christ--69dcb624cd65594c,Ben-Hur: A Tale of the Christ / Lew Wallace,http://www.wikidata.org/entity/Q816528,Ben-Hur: A Tale of the Christ — 1880 novel by Lewis Wallace,
book,title+author+sitelinks,https://shao2011.github.io/Proj-SemWeb/resource/book/kim--0f28d6cc32f5ef2d,Kim / Rudyard Kipling,http://www.wikidata.org/entity/Q589868,Kim — picaresque novel by Rudyard Kipling,
book,title+author+sitelinks,https://shao2011.github.io/Proj-SemWeb/resource/book/a-christmas-carol--dc20d8ff7291625f,A Christmas Carol / Charles Dickens,http://www.wikidata.org/entity/Q62879,"A Christmas Carol — novella by the English author Charles Dickens, first published in 1843",
book,title+author+sitelinks,https://shao2011.github.io/Proj-SemWeb/resource/book/season-of-mists--baba577c93d3f5f3,"Season of Mists / more…, Neil Gaiman",http://www.wikidata.org/entity/Q1412258,Season of Mists — comic book album by Neil Gaiman,
book,title+author+sitelinks,https://shao2011.github.io/Proj-SemWeb/resource/book/the-hollow--40e7bfc1532bebe0,The Hollow / Agatha Christie,http://www.wikidata.org/entity/Q833775,The Hollow — 1946 novel by Agatha Christie,
book,title+author+sitelinks,https://shao2011.github.io/Proj-SemWeb/resource/book/the-last-wish--fce0b98322605b6a,The Last Wish / Andrzej Sapkowski,http://www.wikidata.org/entity/Q2414756,The Last Wish — short story collection by Andrzej Sapkowski,
book,title+author+sitelinks,https://shao2011.github.io/Proj-SemWeb/resource/book/death-on-the-nile--6eabccd918e73325,Death on the Nile / Agatha Christie,http://www.wikidata.org/entity/Q381756,Death on the Nile — 1937 novel by Agatha Christie,
book,isbn-edition,https://shao2011.github.io/Proj-SemWeb/resource/book/where-i-m-calling-from-new-and-selected-stories--db627a5bead7101e,Where I'm Calling From: New and Selected Stories / Raymond Carver,http://www.wikidata.org/entity/Q100697884,Where I'm Calling From: New and Selected Stories — 1988 short story collection by Raymond Carver,
book,isbn-edition,https://shao2011.github.io/Proj-SemWeb/resource/book/cathedral--632c204af09edabc,Cathedral / Raymond Carver,http://www.wikidata.org/entity/Q5052186,Cathedral — 1983 short story collection by Raymond Carver,
book,isbn-edition,https://shao2011.github.io/Proj-SemWeb/resource/book/logicomix-an-epic-search-for-truth--96dab07540c18afa,"Logicomix: An Epic Search for Truth / Apostolos Doxiadis, Christos H. Papadimitriou",http://www.wikidata.org/entity/Q2537008,Logicomix — Greek graphic novel,
book,isbn-edition,https://shao2011.github.io/Proj-SemWeb/resource/book/big-nate-strikes-again--ac8154ac2cf0201d,Big Nate Strikes Again / Lincoln Peirce,http://www.wikidata.org/entity/Q4906064,Big Nate: Strikes Again — 2010 novel by Lincoln Peirce,
book,isbn-edition,https://shao2011.github.io/Proj-SemWeb/resource/book/on-the-prowl--f35dcb68dac58619,"On the Prowl / Eileen Wilks, Karen Chance, Patricia Briggs, Sunny",http://www.wikidata.org/entity/Q98806900,On the Prowl — 2007 fantasy anthology,
person,via-linked-book,https://shao2011.github.io/Proj-SemWeb/resource/person/verna-aardema--a0bd241152b86aa5,Verna Aardema,http://www.wikidata.org/entity/Q3398714,Verna Aardema — American children's writer (1911–2000),
person,via-linked-book,https://shao2011.github.io/Proj-SemWeb/resource/person/phil-knight--699e03d1f7c4d874,Phil Knight,http://www.wikidata.org/entity/Q557305,Phil Knight — American billionaire and co-founder of Nike,
person,via-linked-book,https://shao2011.github.io/Proj-SemWeb/resource/person/ta-nehisi-coates--b53e6e58339f7df7,Ta-Nehisi Coates,http://www.wikidata.org/entity/Q15452495,"Ta-Nehisi Coates — American writer, journalist, and educator",
person,via-linked-book,https://shao2011.github.io/Proj-SemWeb/resource/person/fernando-pessoa--a77086b3a9b981e8,Fernando Pessoa,http://www.wikidata.org/entity/Q173481,"Fernando Pessoa — Portuguese poet, writer, and philosopher (1888–1935); creator of the heteronymic system including Alberto Caeiro, Ricardo Reis, Álvaro de Campos, and Bernardo Soares",
person,via-linked-book,https://shao2011.github.io/Proj-SemWeb/resource/person/dennis-e-taylor--78fbf9b629426a17,Dennis E. Taylor,http://www.wikidata.org/entity/Q41694161,Dennis E. Taylor — Canadian novelist,
person,via-linked-book,https://shao2011.github.io/Proj-SemWeb/resource/person/kōji-suzuki--d53a226f5351d5b2,Kōji Suzuki,http://www.wikidata.org/entity/Q384863,Kōji Suzuki — Japanese writer (1957-2026),
person,via-linked-book,https://shao2011.github.io/Proj-SemWeb/resource/person/dorothy-allison--47c67dd4929328f8,Dorothy Allison,http://www.wikidata.org/entity/Q275012,"Dorothy Allison — American writer, poet, novelist, critic (1949–2024)",
person,via-linked-book,https://shao2011.github.io/Proj-SemWeb/resource/person/robert-fisher--7d6370c2988d9361,Robert Fisher,http://www.wikidata.org/entity/Q11181176,Robert Fisher — American playwright (1922-2008),
person,via-linked-book,https://shao2011.github.io/Proj-SemWeb/resource/person/richard-koch--8a672d772cab0897,Richard Koch,http://www.wikidata.org/entity/Q7327126,Richard Koch — British management consultant,
person,via-linked-book,https://shao2011.github.io/Proj-SemWeb/resource/person/a-j-finn--d83e6258c87be407,A.J. Finn,http://www.wikidata.org/entity/Q56084685,A. J. Finn — American author,
person,via-linked-book,https://shao2011.github.io/Proj-SemWeb/resource/person/sue-grafton--6e38cdba34d86c65,Sue Grafton,http://www.wikidata.org/entity/Q234865,Sue Grafton — American writer from Kentucky (1940-2017),
person,via-linked-book,https://shao2011.github.io/Proj-SemWeb/resource/person/jolande-jacobi--9a1c786ae972c98e,Jolande Jacobi,http://www.wikidata.org/entity/Q88022,Jolande Jacobi — Hungarian born Austrian psychologist (1890-1973),
person,via-linked-book,https://shao2011.github.io/Proj-SemWeb/resource/person/p-d-eastman--2b953da2d7f7e12f,P.D. Eastman,http://www.wikidata.org/entity/Q7117193,P. D. Eastman — American writer and illustrator (1909–1986),
person,via-linked-book,https://shao2011.github.io/Proj-SemWeb/resource/person/alice-schroeder--35f25fde4947b0ba,Alice Schroeder,http://www.wikidata.org/entity/Q4726085,"Alice Schroeder — American author, columnist, accounting regulator, and former insurance analyst",
person,via-linked-book,https://shao2011.github.io/Proj-SemWeb/resource/person/christopher-hitchens--86c73bad156fed8f,Christopher Hitchens,http://www.wikidata.org/entity/Q49081,Christopher Hitchens — English American author and journalist (1949–2011),
person,via-linked-book,https://shao2011.github.io/Proj-SemWeb/resource/person/kenneth-oppel--2ea48337e8df6016,Kenneth Oppel,http://www.wikidata.org/entity/Q1301663,Kenneth Oppel — Canadian children's writer,
person,via-linked-book,https://shao2011.github.io/Proj-SemWeb/resource/person/joe-abercrombie--7918e3d1ed622465,Joe Abercrombie,http://www.wikidata.org/entity/Q515421,Joe Abercrombie — British fantasy writer and film editor (born 1974),
person,via-linked-book,https://shao2011.github.io/Proj-SemWeb/resource/person/helene-wecker--6541ab4ed897052f,Helene Wecker,http://www.wikidata.org/entity/Q18608450,Helene Wecker — American writer,
person,via-linked-book,https://shao2011.github.io/Proj-SemWeb/resource/person/barbara-cooney--b856bc1c9a2a2122,Barbara Cooney,http://www.wikidata.org/entity/Q4858829,Barbara Cooney — American writer and illustrator of children's books,
person,via-linked-book,https://shao2011.github.io/Proj-SemWeb/resource/person/henry-hazlitt--790f3694c8a69153,Henry Hazlitt,http://www.wikidata.org/entity/Q685787,Henry Hazlitt — American journalist & writer (1894–1993),
person,via-linked-book,https://shao2011.github.io/Proj-SemWeb/resource/person/sarah-dunant--a93bc4946cd5e96d,Sarah Dunant,http://www.wikidata.org/entity/Q274500,"Sarah Dunant — English writer, broadcaster and critic",
person,via-linked-book,https://shao2011.github.io/Proj-SemWeb/resource/person/brian-greene--14cfb29b9a4d2a6e,Brian Greene,http://www.wikidata.org/entity/Q60815,Brian Greene — American physicist,
person,via-linked-book,https://shao2011.github.io/Proj-SemWeb/resource/person/c-l-wilson--8c59cf5ff7c04ad7,C.L. Wilson,http://www.wikidata.org/entity/Q21063013,C.L. Wilson — American novelist,
person,via-linked-book,https://shao2011.github.io/Proj-SemWeb/resource/person/orson-scott-card--a330fa2314f21551,Orson Scott Card,http://www.wikidata.org/entity/Q217110,Orson Scott Card — American science fiction novelist (born 1951),
person,via-linked-book,https://shao2011.github.io/Proj-SemWeb/resource/person/betty-smith--2f48776b8d625af3,Betty Smith,http://www.wikidata.org/entity/Q273730,Betty Smith — American author (1896–1972),
person,via-linked-book,https://shao2011.github.io/Proj-SemWeb/resource/person/richard-russo--ccfea9146e4d4a7c,Richard Russo,http://www.wikidata.org/entity/Q558430,"Richard Russo — American novelist, short story writer and screenwriter (born 1949)",
person,via-linked-book,https://shao2011.github.io/Proj-SemWeb/resource/person/crockett-johnson--5bbb5e6a83b0842c,Crockett Johnson,http://www.wikidata.org/entity/Q2894539,Crockett Johnson — American cartoonist and children's book illustrator (pseudonym) (1906-1975),
person,via-linked-book,https://shao2011.github.io/Proj-SemWeb/resource/person/dale-carnegie--1c5f0f27ab08b485,Dale Carnegie,http://www.wikidata.org/entity/Q230762,Dale Carnegie — American writer and lecturer (1888-1955),
person,via-linked-book,https://shao2011.github.io/Proj-SemWeb/resource/person/yeonmi-park--83af69cee130a7c3,Yeonmi Park,http://www.wikidata.org/entity/Q18437771,Yeonmi Park — North Korean defector and conservative activist,
person,via-linked-book,https://shao2011.github.io/Proj-SemWeb/resource/person/nicholas-d-kristof--4f2f03a655e1dee5,Nicholas D. Kristof,http://www.wikidata.org/entity/Q972107,Nicholas D. Kristof — American journalist and political commentator (born 1959),
person,via-linked-book,https://shao2011.github.io/Proj-SemWeb/resource/person/roderick-gordon--758f7d460b51f901,Roderick Gordon,http://www.wikidata.org/entity/Q4332253,Roderick Gordon — British writer,
person,via-linked-book,https://shao2011.github.io/Proj-SemWeb/resource/person/e-l-james--0683d3e07bbc618f,E.L. James,http://www.wikidata.org/entity/Q59896,E. L. James — British writer,
person,via-linked-book,https://shao2011.github.io/Proj-SemWeb/resource/person/jacqueline-carey--e9415d48f2bfb968,Jacqueline Carey,http://www.wikidata.org/entity/Q180373,Jacqueline Carey — American fiction writer,
person,via-linked-book,https://shao2011.github.io/Proj-SemWeb/resource/person/richard-branson--c3c40fc974323476,Richard Branson,http://www.wikidata.org/entity/Q194419,Richard Branson — British business magnate,
person,via-linked-book,https://shao2011.github.io/Proj-SemWeb/resource/person/sylvia-nasar--2661752082db255c,Sylvia Nasar,http://www.wikidata.org/entity/Q77008,Sylvia Nasar — American journalist,
person,via-linked-book,https://shao2011.github.io/Proj-SemWeb/resource/person/mark-lawrence--7da4774f5a339b69,Mark Lawrence,http://www.wikidata.org/entity/Q641046,Mark Lawrence — American writer,
person,via-linked-book,https://shao2011.github.io/Proj-SemWeb/resource/person/gary-paulsen--b5f614dfde49b58c,Gary Paulsen,http://www.wikidata.org/entity/Q718463,Gary Paulsen — American writer (1939–2021),
person,via-linked-book,https://shao2011.github.io/Proj-SemWeb/resource/person/robert-e-lee--ed78cef8a180cea7,Robert E. Lee,http://www.wikidata.org/entity/Q7343994,Robert E. Lee — American playwright and lyricist (1918–1994),
person,via-linked-book,https://shao2011.github.io/Proj-SemWeb/resource/person/frances-hodgson-burnett--1e4c25c1a9577baa,Frances Hodgson Burnett,http://www.wikidata.org/entity/Q276028,Frances Hodgson Burnett — English-American playwright and author (1849–1924),
person,via-linked-book,https://shao2011.github.io/Proj-SemWeb/resource/person/john-boyne--219a8811ee453113,John Boyne,http://www.wikidata.org/entity/Q372533,John Boyne — Irish novelist (born 1971),
series,via-linked-book,https://shao2011.github.io/Proj-SemWeb/resource/series/one-piece--c652649297eb6abd,One Piece,http://www.wikidata.org/entity/Q28667972,One Piece — Japanese manga series,
series,via-linked-book,https://shao2011.github.io/Proj-SemWeb/resource/series/the-others--880de48c353113a5,The Others,http://www.wikidata.org/entity/Q52536774,The Others — series of novels by Anne Bishop,
series,via-linked-book,https://shao2011.github.io/Proj-SemWeb/resource/series/the-maze-runner--9795f984b6cd37ae,The Maze Runner,http://www.wikidata.org/entity/Q18669965,The Maze Runner — book series,
series,via-linked-book,https://shao2011.github.io/Proj-SemWeb/resource/series/necroscope--deabbe5219e1e9f6,Necroscope,http://www.wikidata.org/entity/Q949050,Necroscope — novel series by Brian Lumley,
series,via-linked-book,https://shao2011.github.io/Proj-SemWeb/resource/series/rebel-of-the-sands--ceaa6a3aa568e298,Rebel of the Sands,http://www.wikidata.org/entity/Q23001493,Rebel of the Sands — trilogy by Alwyn Hamilton,
series,via-linked-book,https://shao2011.github.io/Proj-SemWeb/resource/series/the-black-magician-trilogy--2abdf9b356c3332c,The Black Magician Trilogy,http://www.wikidata.org/entity/Q1213040,The Black Magician Trilogy — 2001-2003 Three books by Trudi Canavan,
series,via-linked-book,https://shao2011.github.io/Proj-SemWeb/resource/series/rizzoli-isles--f95b56024bd179a6,Rizzoli & Isles,http://www.wikidata.org/entity/Q17638305,Rizzoli & Isles — book series,
series,via-linked-book,https://shao2011.github.io/Proj-SemWeb/resource/series/dark-swan--72d9a7324e751d2b,Dark Swan,http://www.wikidata.org/entity/Q5223442,Dark Swan — novel sequence by Richelle Mead,
series,via-linked-book,https://shao2011.github.io/Proj-SemWeb/resource/series/in-death--4fafdf8566743191,In Death,http://www.wikidata.org/entity/Q4423257,In Death — series of books by Nora Roberts,
series,via-linked-book,https://shao2011.github.io/Proj-SemWeb/resource/series/harry-potter--f2e5d76206079791,Harry Potter,http://www.wikidata.org/entity/Q8337,Harry Potter — 1997–2007 fantasy book series by J. K. Rowling,
series,via-linked-book,https://shao2011.github.io/Proj-SemWeb/resource/series/black-dagger-legacy--b140af43b7b223ef,Black Dagger Legacy,http://www.wikidata.org/entity/Q130280822,Black Dagger Legacy — ,
series,via-linked-book,https://shao2011.github.io/Proj-SemWeb/resource/series/matt-cruse--05583efb5a2b9153,Matt Cruse,http://www.wikidata.org/entity/Q109160218,Matt Cruse — novel series by Kenneth Oppel,
series,via-linked-book,https://shao2011.github.io/Proj-SemWeb/resource/series/alex-rider--88fe882a435dc867,Alex Rider,http://www.wikidata.org/entity/Q1419545,Alex Rider — series of spy novels by British author Anthony Horowitz,
series,via-linked-book,https://shao2011.github.io/Proj-SemWeb/resource/series/the-founders-trilogy--2b1e2158389d47f9,The Founders Trilogy,http://www.wikidata.org/entity/Q126365911,The Founders Trilogy — ,
series,via-linked-book,https://shao2011.github.io/Proj-SemWeb/resource/series/the-circle-reforged--54effe2bf8bb16db,The Circle Reforged,http://www.wikidata.org/entity/Q63433624,The Circle Reforged — ,
series,via-linked-book,https://shao2011.github.io/Proj-SemWeb/resource/series/hercule-poirot--917e0bb911535b64,Hercule Poirot,http://www.wikidata.org/entity/Q122441953,"Hercule Poirot — group of novels, short stories and one play written by Agatha Christie",
series,via-linked-book,https://shao2011.github.io/Proj-SemWeb/resource/series/hannibal-lecter--f1481424251eece5,Hannibal Lecter,http://www.wikidata.org/entity/Q110929807,Hannibal Lecter — book series by Thomas Harris,
series,via-linked-book,https://shao2011.github.io/Proj-SemWeb/resource/series/a-silent-voice--2e703a961a2e2e70,A Silent Voice,http://www.wikidata.org/entity/Q11611205,A Silent Voice — Japanese manga series,
series,via-linked-book,https://shao2011.github.io/Proj-SemWeb/resource/series/bobiverse--8a2c54f549897b6b,Bobiverse,http://www.wikidata.org/entity/Q57390810,Bobiverse — 2016 novel series by Dennis E. Taylor,
series,via-linked-book,https://shao2011.github.io/Proj-SemWeb/resource/series/the-stormlight-archive--31d8552e73aaa555,The Stormlight Archive,http://www.wikidata.org/entity/Q7766706,The Stormlight Archive — novel series by Brandon Sanderson,
edition,openlibrary-isbn+title,https://shao2011.github.io/Proj-SemWeb/resource/edition/goodreads-421--38ec262ce4396160,The White Album / ISBN 9780374522216,https://openlibrary.org/books/OL7424256M,,
edition,openlibrary-isbn+title,https://shao2011.github.io/Proj-SemWeb/resource/edition/goodreads-11376--07cf923b6107e08b,Main Street / ISBN 9780375753145,https://openlibrary.org/books/OL17727616M,,
edition,openlibrary-isbn+title,https://shao2011.github.io/Proj-SemWeb/resource/edition/goodreads-16387--036f134d0b23c843,"Carry On, Jeeves / ISBN 9781585673926",https://openlibrary.org/books/OL3708706M,,
edition,openlibrary-isbn+title,https://shao2011.github.io/Proj-SemWeb/resource/edition/goodreads-11564--b8cf5c948fea3d30,The Girl Who Loved Tom Gordon / ISBN 9781416524298,https://openlibrary.org/books/OL8457066M,,
edition,openlibrary-isbn+title,https://shao2011.github.io/Proj-SemWeb/resource/edition/goodreads-8288246--a8f2e9320f57712d,Red Glove / ISBN 9781442403390,https://openlibrary.org/books/OL24383752M,,
edition,openlibrary-isbn+title,https://shao2011.github.io/Proj-SemWeb/resource/edition/goodreads-107776--a2f6dd46650dd6a8,Ransom / ISBN 9780743474184,https://openlibrary.org/books/OL7950893M,,
edition,openlibrary-isbn+title,https://shao2011.github.io/Proj-SemWeb/resource/edition/goodreads-771--28ae696484170bb7,"The Elegant Universe: Superstrings, Hidden Dimensions, and the Quest for the Ultimate Theory / ISBN 9780375708114",https://openlibrary.org/books/OL24416865M,,
edition,openlibrary-isbn+title,https://shao2011.github.io/Proj-SemWeb/resource/edition/goodreads-210190--69f4bec7bc45baa1,The Double / ISBN 9780486295725,https://openlibrary.org/books/OL1000044M,,
edition,openlibrary-isbn+title,https://shao2011.github.io/Proj-SemWeb/resource/edition/goodreads-116445--c02f15b6b68476ec,Dies the Fire / ISBN 9780451460417,https://openlibrary.org/books/OL7576271M,,
edition,openlibrary-isbn+title,https://shao2011.github.io/Proj-SemWeb/resource/edition/goodreads-32148570--069b3d497ad710b5,Before We Were Yours / ISBN 9780425284681,https://openlibrary.org/books/OL26631808M,,
edition,openlibrary-isbn+title,https://shao2011.github.io/Proj-SemWeb/resource/edition/goodreads-170622--1b88e1deab84c70b,"Weep No More, My Lady / ISBN 9780743484343",https://openlibrary.org/books/OL7951277M,,
edition,openlibrary-isbn+title,https://shao2011.github.io/Proj-SemWeb/resource/edition/goodreads-18304--351c37b120d243ee,The Anti-Christ / ISBN 9781421270531,https://openlibrary.org/books/OL8490394M,,
edition,openlibrary-isbn+title,https://shao2011.github.io/Proj-SemWeb/resource/edition/goodreads-4703427--688fce729a5228d8,Dust of Dreams / ISBN 9780765316554,https://openlibrary.org/books/OL23833941M,,
edition,openlibrary-isbn+title,https://shao2011.github.io/Proj-SemWeb/resource/edition/goodreads-3015764--8f3fc4d7b441f1a0,Indignation / ISBN 9780547054841,https://openlibrary.org/books/OL31971092M,,
edition,openlibrary-isbn+title,https://shao2011.github.io/Proj-SemWeb/resource/edition/goodreads-16120760--60708287612fd4e1,The Shock of the Fall / ISBN 9780007491438,https://openlibrary.org/books/OL32277376M,,
edition,openlibrary-isbn+title,https://shao2011.github.io/Proj-SemWeb/resource/edition/goodreads-3373198--5595a08dd8c115c3,Veil of Midnight / ISBN 9780440244493,https://openlibrary.org/books/OL23118362M,,
edition,openlibrary-isbn+title,https://shao2011.github.io/Proj-SemWeb/resource/edition/goodreads-13262783--ef386d4d6252215b,Every Day / ISBN 9780307931887,https://openlibrary.org/books/OL25298928M,,
edition,openlibrary-isbn+title,https://shao2011.github.io/Proj-SemWeb/resource/edition/goodreads-562212--18db51084f85aaea,Sostiene Pereira / ISBN 9788433966322,https://openlibrary.org/books/OL9128995M,,
edition,openlibrary-isbn+title,https://shao2011.github.io/Proj-SemWeb/resource/edition/goodreads-8803932--a6cbde169f2e9049,If I Die / ISBN 9780373210329,https://openlibrary.org/books/OL26263168M,,
edition,openlibrary-isbn+title,https://shao2011.github.io/Proj-SemWeb/resource/edition/goodreads-7906105--0c0953421a8937d1,"Girl, Stolen / ISBN 9780805090055",https://openlibrary.org/books/OL24053271M,,
edition,openlibrary-isbn+title,https://shao2011.github.io/Proj-SemWeb/resource/edition/goodreads-35889205--b75eecb47cf03b8a,The Storyteller's Secret / ISBN 9781542048279,https://openlibrary.org/books/OL26978138M,,
edition,openlibrary-isbn+title,https://shao2011.github.io/Proj-SemWeb/resource/edition/goodreads-36329818--9fb25fb1b0d16296,Legendary / ISBN 9781250095312,https://openlibrary.org/books/OL26961629M,,
edition,openlibrary-isbn+title,https://shao2011.github.io/Proj-SemWeb/resource/edition/goodreads-29496453--524d77146e979d55,The Book of Joy: Lasting Happiness in a Changing World / ISBN 9780399185045,https://openlibrary.org/books/OL27213358M,,
edition,openlibrary-isbn+title,https://shao2011.github.io/Proj-SemWeb/resource/edition/goodreads-17245--da926f0cadb1dae2,Dracula / ISBN 9780393970128,https://openlibrary.org/books/OL23274384M,,
edition,openlibrary-isbn+title,https://shao2011.github.io/Proj-SemWeb/resource/edition/goodreads-6567017--aaf880ccb5b8583a,"Will Grayson, Will Grayson / ISBN 9780525421580",https://openlibrary.org/books/OL22695796M,,
edition,openlibrary-isbn+title,https://shao2011.github.io/Proj-SemWeb/resource/edition/goodreads-29501--0156ae78b17bec46,"The End of Faith: Religion, Terror, and the Future of Reason / ISBN 9780393327656",https://openlibrary.org/books/OL24206200M,,
edition,openlibrary-isbn+title,https://shao2011.github.io/Proj-SemWeb/resource/edition/goodreads-68497--4e47f13b47188b6a,The Scar / ISBN 9780345460011,https://openlibrary.org/books/OL24218928M,,
edition,openlibrary-isbn+title,https://shao2011.github.io/Proj-SemWeb/resource/edition/goodreads-2493973--25b8cc429c371ea1,The Diamond of Darkhold / ISBN 9780375955716,https://openlibrary.org/books/OL16419644M,,
edition,openlibrary-isbn+title,https://shao2011.github.io/Proj-SemWeb/resource/edition/goodreads-15704486--2c88a84cc312930d,Calamity / ISBN 9780385743600,https://openlibrary.org/books/OL26885980M,,
edition,openlibrary-isbn+title,https://shao2011.github.io/Proj-SemWeb/resource/edition/goodreads-12425532--69410d643d3800e9,Of Poseidon / ISBN 9781250003324,https://openlibrary.org/books/OL27136333M,,
edition,openlibrary-isbn+title,https://shao2011.github.io/Proj-SemWeb/resource/edition/goodreads-12535--49bd71573f53d6f6,Plan B: Further Thoughts on Faith / ISBN 9781594481574,https://openlibrary.org/books/OL24874430M,,
edition,openlibrary-isbn+title,https://shao2011.github.io/Proj-SemWeb/resource/edition/goodreads-45240918--670777824f38323a,The Hand on the Wall / ISBN 9780062338112,https://openlibrary.org/books/OL27904668M,,
edition,openlibrary-isbn+title,https://shao2011.github.io/Proj-SemWeb/resource/edition/goodreads-26252659--30ed8ddee0756321,Big Rock / ISBN 9780692572030,https://openlibrary.org/books/OL26822724M,,
edition,openlibrary-isbn+title,https://shao2011.github.io/Proj-SemWeb/resource/edition/goodreads-22341263--d17f80b16cc790f0,My Sister's Grave / ISBN 9781477825570,https://openlibrary.org/books/OL34249830M,,
edition,openlibrary-isbn+title,https://shao2011.github.io/Proj-SemWeb/resource/edition/goodreads-25855506--fcac9fff57deb164,Adulthood Is a Myth / ISBN 9781449474195,https://openlibrary.org/books/OL27208278M,,
edition,openlibrary-isbn+title,https://shao2011.github.io/Proj-SemWeb/resource/edition/goodreads-25167898--fd220baf1b9885f2,Grayson's Vow / ISBN 9781517162528,https://openlibrary.org/books/OL32881723M,,
edition,openlibrary-isbn+title,https://shao2011.github.io/Proj-SemWeb/resource/edition/goodreads-291--ed3e40eace02f271,The Broken Wings / ISBN 9780806501901,https://openlibrary.org/books/OL17951333M,,
edition,openlibrary-isbn+title,https://shao2011.github.io/Proj-SemWeb/resource/edition/goodreads-773606--3e29098a2940cb8b,Madeline's Rescue / ISBN 9780670447169,https://openlibrary.org/books/OL14072063M,,
edition,openlibrary-isbn+title,https://shao2011.github.io/Proj-SemWeb/resource/edition/goodreads-5805--b8cd5175d983413f,V for Vendetta / ISBN 9781401207922,https://openlibrary.org/books/OL23277389M,,
edition,openlibrary-isbn+title,https://shao2011.github.io/Proj-SemWeb/resource/edition/goodreads-1127996--8204a13258a55e3f,Betty Crocker's Cookbook / ISBN 9780307098221,https://openlibrary.org/books/OL9437039M,,
edition,wikidata-isbn+title,https://shao2011.github.io/Proj-SemWeb/resource/edition/goodreads-76664--60ee2dd676f43a7a,A Spell for Chameleon / ISBN 9780345258557,http://www.wikidata.org/entity/Q116790128,A Spell for Chameleon — 1977 Del Rey edition,
edition,wikidata-isbn+title,https://shao2011.github.io/Proj-SemWeb/resource/edition/goodreads-72929--9777b205158cbb2d,Affinity / ISBN 9781573228732,http://www.wikidata.org/entity/Q141539574,Affinity — 2002 paperback edition,
edition,wikidata-isbn+title,https://shao2011.github.io/Proj-SemWeb/resource/edition/goodreads-7150178--993a1000de947901,Big Nate: In a Class by Himself / ISBN 9780061944345,http://www.wikidata.org/entity/Q135405341,Big Nate: In a Class by Himself — hardcover edition (en),
edition,wikidata-isbn+title,https://shao2011.github.io/Proj-SemWeb/resource/edition/goodreads-13497818--ab72e58c6411203f,The Casual Vacancy / ISBN 9780316228534,http://www.wikidata.org/entity/Q60488169,The Casual Vacancy — 2012 edition,
edition,wikidata-isbn+title,https://shao2011.github.io/Proj-SemWeb/resource/edition/goodreads-1231511--5327e8baa860d09e,Dark River / ISBN 9780060892050,http://www.wikidata.org/entity/Q126734731,Dark River — edition (en),
edition,wikidata-isbn+title,https://shao2011.github.io/Proj-SemWeb/resource/edition/goodreads-35068705--6768c7edd600322a,The Poppy War / ISBN 9780062662590,http://www.wikidata.org/entity/Q108882164,The Poppy War — ebook edition,
edition,wikidata-isbn+title,https://shao2011.github.io/Proj-SemWeb/resource/edition/goodreads-84054--4213dc14bf9a70ab,The Stars Shine Down / ISBN 9780006178712,http://www.wikidata.org/entity/Q133915547,The Stars Shine Down — 1993 paperback edition (en),
edition,wikidata-isbn+title,https://shao2011.github.io/Proj-SemWeb/resource/edition/goodreads-298230--450952fe53c07ca2,Agnes Grey / ISBN 9780140432107,http://www.wikidata.org/entity/Q138411432,Agnes Grey — 1989 paperback edition,
edition,wikidata-isbn+title,https://shao2011.github.io/Proj-SemWeb/resource/edition/goodreads-138683--fec446cc23a43c3d,Dark Fire / ISBN 9780143036432,http://www.wikidata.org/entity/Q139898277,Dark Fire — 2005 paperback edition,
edition,wikidata-isbn+title,https://shao2011.github.io/Proj-SemWeb/resource/edition/goodreads-22288--cc1417babafef7c3,Haunted / ISBN 9781400032822,http://www.wikidata.org/entity/Q141620946,Haunted — 2006 paperback edition,
edition,wikidata-isbn+title,https://shao2011.github.io/Proj-SemWeb/resource/edition/goodreads-18414--ea9f9713c0da253c,Utopia / ISBN 9780140449105,http://www.wikidata.org/entity/Q138507539,Utopia — 2003 paperback edition,
edition,wikidata-isbn+title,https://shao2011.github.io/Proj-SemWeb/resource/edition/goodreads-18302455--1634415cf5801282,The Circle / ISBN 9780385351393,http://www.wikidata.org/entity/Q118143477,The Circle — 2013 Alfred A. Knopf edition,
edition,wikidata-isbn+title,https://shao2011.github.io/Proj-SemWeb/resource/edition/goodreads-53498--3dbe82959ab6d657,Love That Dog / ISBN 9780064409599,http://www.wikidata.org/entity/Q132699866,Love That Dog — 2001 paperback edition (en),
edition,wikidata-isbn+title,https://shao2011.github.io/Proj-SemWeb/resource/edition/goodreads-4069--bc605c92d1d82694,Man's Search for Meaning / ISBN 9780807014295,http://www.wikidata.org/entity/Q125766933,Man's Search for Meaning — 2016 Beacon Press paperback edition,
edition,wikidata-isbn+title,https://shao2011.github.io/Proj-SemWeb/resource/edition/goodreads-15861491--1a48b18d202a8683,The Fall of Five / ISBN 9780061974618,http://www.wikidata.org/entity/Q132497149,The Fall of Five — hardcover edition,
edition,wikidata-isbn+title,https://shao2011.github.io/Proj-SemWeb/resource/edition/goodreads-37435--8b199272c0627c6b,The Secret Life of Bees / ISBN 9780142001745,http://www.wikidata.org/entity/Q138515928,The Secret Life of Bees — 2003 paperback edition,
edition,wikidata-isbn+title,https://shao2011.github.io/Proj-SemWeb/resource/edition/goodreads-18050143--a72736c35f4d8f7c,"Zero to One: Notes on Startups, or How to Build the Future / ISBN 9780804139298",http://www.wikidata.org/entity/Q126123560,Zero to One — first edition hardcover,
edition,wikidata-isbn+title,https://shao2011.github.io/Proj-SemWeb/resource/edition/goodreads-24472--e54509eba98107f0,Peony in Love / ISBN 9781400064663,http://www.wikidata.org/entity/Q141621166,Peony in Love — 2007 hardcover edition,
edition,wikidata-isbn+title,https://shao2011.github.io/Proj-SemWeb/resource/edition/goodreads-42983724--d5b85e252ac67dd1,Drive Your Plow Over the Bones of the Dead / ISBN 9780525541332,http://www.wikidata.org/entity/Q137824683,Drive Your Plow Over the Bones of the Dead — 2019 hardcover edition,
edition,wikidata-isbn+title,https://shao2011.github.io/Proj-SemWeb/resource/edition/goodreads-22326--70b5f671dd828f48,Virtual Light / ISBN 9780140157727,http://www.wikidata.org/entity/Q116267778,Virtual Light — 1994 Penguin edition,
edition,wikidata-isbn+title,https://shao2011.github.io/Proj-SemWeb/resource/edition/goodreads-128757--ffa37980b807a0a1,Bones to Ashes / ISBN 9780743294379,http://www.wikidata.org/entity/Q60412433,Bones to Ashes — 2007 edition,
edition,wikidata-isbn+title,https://shao2011.github.io/Proj-SemWeb/resource/edition/goodreads-400354--6d0cfe1fddf87983,Men at Arms / ISBN 9780061092190,http://www.wikidata.org/entity/Q109422121,Men at Arms — HarperTorch paperback edition,
edition,wikidata-isbn+title,https://shao2011.github.io/Proj-SemWeb/resource/edition/goodreads-5797--d0d0a8052fdd99ab,Vanity Fair / ISBN 9780141439839,http://www.wikidata.org/entity/Q138515787,Vanity Fair — 2003 paperback edition,
edition,wikidata-isbn+title,https://shao2011.github.io/Proj-SemWeb/resource/edition/goodreads-13497--37d2a077643acd30,A Feast for Crows / ISBN 9780553582024,http://www.wikidata.org/entity/Q105908890,A Feast for Crows — Bantam Spectra paperback edition,
edition,wikidata-isbn+title,https://shao2011.github.io/Proj-SemWeb/resource/edition/goodreads-11869272--b4815c7b0006d6a7,"Behind the Beautiful Forevers: Life, Death, and Hope in a Mumbai Undercity / ISBN 9781400067558",http://www.wikidata.org/entity/Q126720697,Behind the Beautiful Forevers — edition (en),
edition,wikidata-isbn+title,https://shao2011.github.io/Proj-SemWeb/resource/edition/goodreads-7260188--867fa0ec2ede8add,Mockingjay / ISBN 9780439023511,http://www.wikidata.org/entity/Q70471056,Mockingjay — 2010 english edition of Mockingjay,
edition,wikidata-isbn+title,https://shao2011.github.io/Proj-SemWeb/resource/edition/goodreads-552987--71c52c1530bb8e48,A War of Gifts / ISBN 9780765312822,http://www.wikidata.org/entity/Q126718370,A War of Gifts: An Ender Story — 2007 edition (en),
edition,wikidata-isbn+title,https://shao2011.github.io/Proj-SemWeb/resource/edition/goodreads-10574--7fddf7b67d0473ab,The Colorado Kid / ISBN 9780843955842,http://www.wikidata.org/entity/Q58847805,The Colorado Kid — 2005 edition,
edition,wikidata-isbn+title,https://shao2011.github.io/Proj-SemWeb/resource/edition/goodreads-133518--260b6bb03e0cfc17,The Things They Carried / ISBN 9780767902892,http://www.wikidata.org/entity/Q126601393,The Things They Carried — 1998 paperback edition (en),
edition,wikidata-isbn+title,https://shao2011.github.io/Proj-SemWeb/resource/edition/goodreads-89716--720506b3c94dcf87,Al Capone Does My Shirts / ISBN 9780142403709,http://www.wikidata.org/entity/Q139897487,Al Capone Does My Shirts — 2006 paperback edition,
edition,wikidata-isbn+title,https://shao2011.github.io/Proj-SemWeb/resource/edition/goodreads-2169506--0fbaa7df7d013244,The Dead and the Gone / ISBN 9780152063115,http://www.wikidata.org/entity/Q60381805,The Dead and the Gone — 2008 edition,
edition,wikidata-isbn+title,https://shao2011.github.io/Proj-SemWeb/resource/edition/goodreads-17286683--620abb44ca657b74,Men We Reaped / ISBN 9781608195213,http://www.wikidata.org/entity/Q126672588,Men We Reaped — 2013 hardcover edition,
edition,wikidata-isbn+title,https://shao2011.github.io/Proj-SemWeb/resource/edition/goodreads-3556419--bf0a639ec87722c8,Curse the Dawn / ISBN 9780451412706,http://www.wikidata.org/entity/Q140905571,Curse the Dawn — 2009 paperback edition,
edition,wikidata-isbn+title,https://shao2011.github.io/Proj-SemWeb/resource/edition/goodreads-456--db5c9ce9673c6ad6,Leviathan / ISBN 9780140178135,http://www.wikidata.org/entity/Q126712285,Leviathan — paperback edition (en),
edition,wikidata-isbn+title,https://shao2011.github.io/Proj-SemWeb/resource/edition/goodreads-45152372--6ad0583f634e5a83,How to Stop Time / ISBN 9780525522898,http://www.wikidata.org/entity/Q137824512,How to Stop Time — 2019 paperback edition,
edition,wikidata-isbn+title,https://shao2011.github.io/Proj-SemWeb/resource/edition/goodreads-201114--3e554c6f095c6108,Sold / ISBN 9780786851713,http://www.wikidata.org/entity/Q132011893,Sold — 2006 hardcover edition (en),
edition,wikidata-isbn+title,https://shao2011.github.io/Proj-SemWeb/resource/edition/goodreads-349473--d073adcfb8ee16c5,Blaze / ISBN 9781416554844,http://www.wikidata.org/entity/Q126892822,Blaze — edition (en),
edition,wikidata-isbn+title,https://shao2011.github.io/Proj-SemWeb/resource/edition/goodreads-12183815--5c48714a02856ec1,Brief Cases / ISBN 9780451492128,http://www.wikidata.org/entity/Q141124719,Brief Cases — ebook edition,
edition,wikidata-isbn+title,https://shao2011.github.io/Proj-SemWeb/resource/edition/goodreads-17214--a07d6b22d183a547,Starship Troopers / ISBN 9780441783588,http://www.wikidata.org/entity/Q126708220,Starship Troopers — 1987 Ace edition,
edition,wikidata-isbn+title,https://shao2011.github.io/Proj-SemWeb/resource/edition/goodreads-33333--76d203317c50892b,Searching for God Knows What / ISBN 9780785263715,http://www.wikidata.org/entity/Q132129590,Searching for God Knows What — paperback edition (en),
publisher,via-linked-edition,https://shao2011.github.io/Proj-SemWeb/resource/publisher/ace-books--ba98f4cb79c20134,ACE Books,http://www.wikidata.org/entity/Q536795,Ace Books — oldest active specialty publisher of science fiction and fantasy books,
publisher,via-linked-edition,https://shao2011.github.io/Proj-SemWeb/resource/publisher/scholastic-inc--00c3ea368487175f,Scholastic Inc.,http://www.wikidata.org/entity/Q1155729,"Scholastic — American publishing, education, and media company",
publisher,via-linked-edition,https://shao2011.github.io/Proj-SemWeb/resource/publisher/delacorte-press--2cd4e2ddf0f1a4f8,Delacorte Press,http://www.wikidata.org/entity/Q87935328,Delacorte Press — American publisher,
publisher,via-linked-edition,https://shao2011.github.io/Proj-SemWeb/resource/publisher/vintage-international--a3e493962af03974,Vintage International,http://www.wikidata.org/entity/Q125764577,Vintage International — imprint of Penguin Random House,
publisher,via-linked-edition,https://shao2011.github.io/Proj-SemWeb/resource/publisher/scribner--219b99e2d40fbe6b,Scribner,http://www.wikidata.org/entity/Q845617,Scribner — American publisher,
publisher,via-linked-edition,https://shao2011.github.io/Proj-SemWeb/resource/publisher/wave-books--5a21e0f9743780f7,Wave Books,http://www.wikidata.org/entity/Q7975271,Wave Books — American publisher focused on poetry,
publisher,via-linked-edition,https://shao2011.github.io/Proj-SemWeb/resource/publisher/hackett-publishing-company-inc--d92fcb29d348bff9,"Hackett Publishing Company, Inc.",http://www.wikidata.org/entity/Q5637282,Hackett Publishing Company — American academic publishing house,
publisher,via-linked-edition,https://shao2011.github.io/Proj-SemWeb/resource/publisher/dial-press--97b03a725e88193e,Dial Press,http://www.wikidata.org/entity/Q5270470,Dial Press — publishing house founded in 1923 by Lincoln MacVeagh,
publisher,via-linked-edition,https://shao2011.github.io/Proj-SemWeb/resource/publisher/greenwillow-books--7b4a9cd161ca4179,Greenwillow Books,http://www.wikidata.org/entity/Q131822961,Greenwillow Books — ,
publisher,via-linked-edition,https://shao2011.github.io/Proj-SemWeb/resource/publisher/picador--99eea62b11a01ceb,Picador,http://www.wikidata.org/entity/Q7190491,Picador — British publishing house,
publisher,via-linked-edition,https://shao2011.github.io/Proj-SemWeb/resource/publisher/quirk-books--210e36bafdb2a622,Quirk Books,http://www.wikidata.org/entity/Q7272591,Quirk Books — American independent book publisher,
publisher,via-linked-edition,https://shao2011.github.io/Proj-SemWeb/resource/publisher/washington-square-press--2cd08b01e096222a,Washington Square Press,http://www.wikidata.org/entity/Q122421691,Washington Square Press — publishing imprint,
publisher,via-linked-edition,https://shao2011.github.io/Proj-SemWeb/resource/publisher/knopf-books-for-young-readers--f9111aeaedd54d5d,Knopf Books for Young Readers,http://www.wikidata.org/entity/Q110768702,Knopf Books for Young Readers — publishing house,
publisher,via-linked-edition,https://shao2011.github.io/Proj-SemWeb/resource/publisher/pantheon--bf4bf68699dea329,Pantheon,http://www.wikidata.org/entity/Q520387,Pantheon Books — American book publishing imprint,
publisher,via-linked-edition,https://shao2011.github.io/Proj-SemWeb/resource/publisher/pocket-star--0ed5e7bc061d5470,Pocket Star,http://www.wikidata.org/entity/Q117286187,Pocket Star Books — publishing imprint,
publisher,via-linked-edition,https://shao2011.github.io/Proj-SemWeb/resource/publisher/harpercollins--50dca604684bdfd0,HarperCollins,http://www.wikidata.org/entity/Q95149,HarperCollins — Anglo-American publishing house,
publisher,via-linked-edition,https://shao2011.github.io/Proj-SemWeb/resource/publisher/berkley--7a36906587d9efd2,Berkley,http://www.wikidata.org/entity/Q2753848,Berkley — publishing imprint of Penguin Group (USA),
publisher,via-linked-edition,https://shao2011.github.io/Proj-SemWeb/resource/publisher/candlewick-press--a405eb4a8ee9ccc7,Candlewick Press,http://www.wikidata.org/entity/Q5032006,"Candlewick Press — American publisher of children's books mainly, established by Walker Books (UK) as sister company",
publisher,via-linked-edition,https://shao2011.github.io/Proj-SemWeb/resource/publisher/disney-hyperion-books--8cec141e3621d9d7,Disney-Hyperion Books,http://www.wikidata.org/entity/Q55233,Hyperion Books — American book imprint,
publisher,via-linked-edition,https://shao2011.github.io/Proj-SemWeb/resource/publisher/collier-books--99058b10e0759073,Collier Books,http://www.wikidata.org/entity/Q5147161,Collier Books — book publishing company,
publisher,via-linked-edition,https://shao2011.github.io/Proj-SemWeb/resource/publisher/andrews-mcmeel-publishing--51c3d04f5a702827,Andrews McMeel Publishing,http://www.wikidata.org/entity/Q4759092,Andrews McMeel Publishing — American publishing company,
publisher,via-linked-edition,https://shao2011.github.io/Proj-SemWeb/resource/publisher/mariner-books--df3a1349125b5038,Mariner Books,http://www.wikidata.org/entity/Q6764360,Mariner Books — publishing imprint of HarperCollins (formerly of Houghton Mifflin Harcourt),
publisher,via-linked-edition,https://shao2011.github.io/Proj-SemWeb/resource/publisher/random-house--34837700f48df37a,Random House,http://www.wikidata.org/entity/Q744182,Random House — American general-interest trade book publisher,
publisher,via-linked-edition,https://shao2011.github.io/Proj-SemWeb/resource/publisher/jonathan-cape--efbb42c2f84bceba,Jonathan Cape,http://www.wikidata.org/entity/Q3277534,Jonathan Cape — English publishing firm (founded 1921),
publisher,via-linked-edition,https://shao2011.github.io/Proj-SemWeb/resource/publisher/st-martin-s-griffin--818ff53a59d557e1,St. Martin's Griffin,http://www.wikidata.org/entity/Q105745727,St. Martin's Griffin — publishing imprint,
publisher,via-linked-edition,https://shao2011.github.io/Proj-SemWeb/resource/publisher/razorbill--53d39e075849e54c,Razorbill,http://www.wikidata.org/entity/Q113529397,Razorbill — imprint of Penguin Random House,
publisher,via-linked-edition,https://shao2011.github.io/Proj-SemWeb/resource/publisher/edebe--b40773e8e134cead,Edebe,http://www.wikidata.org/entity/Q8771871,Edebe — publisher,
publisher,via-linked-edition,https://shao2011.github.io/Proj-SemWeb/resource/publisher/simon-pulse--3cb3da9ee17b43fe,Simon Pulse,http://www.wikidata.org/entity/Q122848962,Simon Pulse — publishing imprint,
publisher,via-linked-edition,https://shao2011.github.io/Proj-SemWeb/resource/publisher/anchor--79bfb0e2ba76b9d4,Anchor,http://www.wikidata.org/entity/Q17781881,"Anchor — publisher, imprint of Doubleday Books",
publisher,via-linked-edition,https://shao2011.github.io/Proj-SemWeb/resource/publisher/spiegel-grau--117fd4c8b047fc20,Spiegel & Grau,http://www.wikidata.org/entity/Q16950928,Spiegel & Grau — publishing imprint of Random House founded by Celina Spiegel and Julie Grau,
language,iso639-name,https://shao2011.github.io/Proj-SemWeb/resource/language/kurdish--e3899ccf45b06e70,Kurdish,http://www.wikidata.org/entity/Q36368,Kurdish — Northwestern Iranian language,
language,iso639-name,https://shao2011.github.io/Proj-SemWeb/resource/language/lithuanian--a5f5b3dd4a341335,Lithuanian,http://www.wikidata.org/entity/Q9083,Lithuanian — Baltic language spoken in Lithuania,
language,iso639-name,https://shao2011.github.io/Proj-SemWeb/resource/language/turkish--60282ac916350561,Turkish,http://www.wikidata.org/entity/Q256,Turkish — Oghuz Turkic language of the Turkish people,
language,iso639-name,https://shao2011.github.io/Proj-SemWeb/resource/language/dutch--ccb36736d8720940,Dutch,http://www.wikidata.org/entity/Q7411,Dutch — West Germanic language,
language,iso639-name,https://shao2011.github.io/Proj-SemWeb/resource/language/bokmål-norwegian-norwegian-bokmål--4fbd19d9e035c5ca,"Bokmål, Norwegian; Norwegian Bokmål",http://www.wikidata.org/entity/Q25167,Norwegian Bokmål — one of two official written standards for the Norwegian language,
language,iso639-name,https://shao2011.github.io/Proj-SemWeb/resource/language/swedish--9dd198e5fff6c45d,Swedish,http://www.wikidata.org/entity/Q9027,Swedish — North Germanic language spoken in Sweden and Finland,
language,iso639-name,https://shao2011.github.io/Proj-SemWeb/resource/language/czech--4f435046a870111c,Czech,http://www.wikidata.org/entity/Q9056,Czech — West Slavic language,
language,iso639-name,https://shao2011.github.io/Proj-SemWeb/resource/language/spanish--9c9b13446cd96efb,Spanish,http://www.wikidata.org/entity/Q1321,Spanish — Romance language originating in the Iberian Peninsula,
language,iso639-name,https://shao2011.github.io/Proj-SemWeb/resource/language/romanian--10100498111fd883,Romanian,http://www.wikidata.org/entity/Q7913,Romanian — Romance language,
language,iso639-name,https://shao2011.github.io/Proj-SemWeb/resource/language/polish--8a741eb9c8922e9e,Polish,http://www.wikidata.org/entity/Q809,Polish — West Slavic language,
language,iso639-name,https://shao2011.github.io/Proj-SemWeb/resource/language/filipino-pilipino--b1fdd88926f1c678,Filipino; Pilipino,http://www.wikidata.org/entity/Q33298,"wikang Pilipino — official language of the Philippines; standard and prescriptive form of Tagalog language; alternative name for Tagalog language, particularly its standardized form",
language,iso639-name,https://shao2011.github.io/Proj-SemWeb/resource/language/indonesian--4b918d589849ae62,Indonesian,http://www.wikidata.org/entity/Q9240,Indonesian — official language of Indonesia,
language,iso639-name,https://shao2011.github.io/Proj-SemWeb/resource/language/danish--4d6d9a0739a1144c,Danish,http://www.wikidata.org/entity/Q9035,Danish — North Germanic language spoken in Northern Europe,
language,iso639-name,https://shao2011.github.io/Proj-SemWeb/resource/language/japanese--42e1eb95ac3ebc90,Japanese,http://www.wikidata.org/entity/Q5287,Japanese — language spoken in East Asia,
language,iso639-name,https://shao2011.github.io/Proj-SemWeb/resource/language/french--21bb36ad06385b1c,French,http://www.wikidata.org/entity/Q150,French — Romance language,
language,iso639-name,https://shao2011.github.io/Proj-SemWeb/resource/language/vietnamese--4aeaf0c480c0a8c8,Vietnamese,http://www.wikidata.org/entity/Q9199,Vietnamese — Austroasiatic language originating in Vietnam,
language,iso639-name,https://shao2011.github.io/Proj-SemWeb/resource/language/italian--4c3280c17f9d982c,Italian,http://www.wikidata.org/entity/Q652,Italian — Romance language,
language,iso639-name,https://shao2011.github.io/Proj-SemWeb/resource/language/hungarian--4cb5f1e458ddf616,Hungarian,http://www.wikidata.org/entity/Q9067,Hungarian — Ugric language mainly spoken in Hungary and surrounding countries,
language,iso639-name,https://shao2011.github.io/Proj-SemWeb/resource/language/arabic--fbec97e237d3a956,Arabic,http://www.wikidata.org/entity/Q13955,Arabic — Semitic language and lingua franca of the Arab world,
language,iso639-name,https://shao2011.github.io/Proj-SemWeb/resource/language/slovenian--bb7ef102ce279586,Slovenian,http://www.wikidata.org/entity/Q9063,Slovenian — South Slavic language spoken primarily in Slovenia,
language,iso639-name,https://shao2011.github.io/Proj-SemWeb/resource/language/english--b6234d2ea0d6022b,English,http://www.wikidata.org/entity/Q1860,English — West Germanic language,
language,iso639-name,https://shao2011.github.io/Proj-SemWeb/resource/language/portuguese--e35242c809c8c717,Portuguese,http://www.wikidata.org/entity/Q5146,Portuguese — Western Romance language,
language,iso639-name,https://shao2011.github.io/Proj-SemWeb/resource/language/duala--be617cbfb8861154,Duala,http://www.wikidata.org/entity/Q33013,Duala — Bantu language spoken in Cameroon,
language,iso639-name,https://shao2011.github.io/Proj-SemWeb/resource/language/norwegian--543ab4cf9dc73fe5,Norwegian,http://www.wikidata.org/entity/Q9043,Norwegian — North Germanic language spoken in Norway,
language,iso639-name,https://shao2011.github.io/Proj-SemWeb/resource/language/persian--857689a99bb12c62,Persian,http://www.wikidata.org/entity/Q9168,Persian — Western Iranian language,
language,iso639-name,https://shao2011.github.io/Proj-SemWeb/resource/language/finnish--925181ce8f8b27f8,Finnish,http://www.wikidata.org/entity/Q1412,Finnish — Finno-Ugric language mostly spoken in Finland,
language,iso639-name,https://shao2011.github.io/Proj-SemWeb/resource/language/german--28561c6b68fca875,German,http://www.wikidata.org/entity/Q188,German — West Germanic language,
language,iso639-name,https://shao2011.github.io/Proj-SemWeb/resource/language/slovak--d8c9d9edab28ecd3,Slovak,http://www.wikidata.org/entity/Q9058,Slovak — West Slavic language spoken in Slovakia,
